{"name":"Dynamic Collaboration Workflow","description":"Dynamic Collaboration Workflow","definition":{"models":[{"id":29,"name":"Dynamic Collaboration Workflow","version":4,"modelType":0,"description":"dynamic-collaboration-workflow-v1.0","stencilSetId":null,"createdByFullName":" Administrator","createdBy":1,"lastUpdatedByFullName":" Administrator","lastUpdatedBy":1,"lastUpdated":"2025-05-15T15:58:37.948+0000"}],"theme":"theme-1","icon":"fa-asterisk","publishIdentityInfo":[{"type":"user","person":{"id":2,"firstName":"John","lastName":"Doe","email":"johndoe@crestsolution.com"},"group":null},{"type":"group","person":null,"group":{"id":58,"name":"Workflow","externalId":null,"status":"active","parentGroupId":null,"groups":null}}]}}