{"name":"ContractManagement","description":"Contract Management","definition":{"models":[{"id":11,"name":"Contract Management","version":2,"modelType":0,"description":"","stencilSetId":0,"createdByFullName":" Administrator","createdBy":1,"lastUpdatedByFullName":" Administrator","lastUpdatedBy":1,"lastUpdated":"2025-05-16T11:58:13.699+0000"}],"theme":"theme-1","icon":"fa-asterisk","publishIdentityInfo":[{"type":"user","person":{"id":2,"firstName":"John","lastName":"Doe","email":"johndoe@crestsolution.com"},"group":null},{"type":"group","person":null,"group":{"id":451,"name":"Workflow","externalId":null,"status":"active","parentGroupId":null,"groups":null}}]}}