{"name":"Dynamic Collaboration Workflow","description":"Dynamic Collaboration Workflow","definition":{"models":[{"id":74,"name":"Dynamic Collaboration Workflow","version":24,"modelType":0,"description":"dynamic-collaboration-workflow-v2.0","stencilSetId":null,"createdByFullName":" Administrator","createdBy":1,"lastUpdatedByFullName":" Administrator","lastUpdatedBy":1,"lastUpdated":"2024-04-09T11:30:21.219+0000"}],"theme":"theme-1","icon":"fa-asterisk","publishIdentityInfo":[{"type":"user","person":{"id":30,"firstName":"B SaiKrishna","lastName":"Bowenpally","email":"saikrishna@crestsolution.com","externalId":"saikrishna"},"group":null},{"type":"user","person":{"id":113,"firstName":"Uttam Kumar Talanki","lastName":"Talanki","email":"uttam.kumar@crestsolution.com","externalId":"uttam.kumar"},"group":null},{"type":"user","person":{"id":119,"firstName":"Suganesh","lastName":"Ranga","email":"suganesh.ranga@progentys.com","externalId":"suganesh.ranga"},"group":null},{"type":"user","person":{"id":134,"firstName":"Hemant","lastName":"Prasad","email":"hemant.prasad@crestsolution.com","externalId":"hemant.prasad"},"group":null},{"type":"user","person":{"id":73,"firstName":"Puja","lastName":"Gupta","email":"puja.gupta@crestsolution.com","externalId":"puja.gupta"},"group":null},{"type":"user","person":{"id":84,"firstName":"Pinnamaraju Siva Surya Annapurna Dev","lastName":"Pinnamaraju","email":"annapurna@progentys.com","externalId":"annapurna"},"group":null},{"type":"user","person":{"id":45,"firstName":"Pinnamaraju Siva Surya Tejaswini","lastName":"Tejaswini","email":"tejaswini@progentys.com","externalId":"tejaswini"},"group":null},{"type":"user","person":{"id":135,"firstName":"Adarsh Narayandas","lastName":"Narayandas","email":"adharsh@progentys.com","externalId":"adharsh"},"group":null},{"type":"user","person":{"id":36,"firstName":"Harnisree","lastName":"Somu","email":"harnisree@progentys.com","externalId":"harnisree"},"group":null},{"type":"user","person":{"id":29,"firstName":"Saikat Kumar","lastName":"Kumar","email":"saikat.kumar@crestsolution.com","externalId":"saikat.kumar"},"group":null},{"type":"user","person":{"id":48,"firstName":"Vijayalakshmi S","lastName":"S","email":"viji.s@crestsolution.com","externalId":"viji.s"},"group":null},{"type":"user","person":{"id":1,"firstName":"Admin","lastName":"Administrator","email":"admin@app.activiti.com"},"group":null}]}}