{"name":"Dynamic Collaboration Workflow","description":"Dynamic Collaboration Workflow","definition":{"models":[{"id":5,"name":"Dynamic Collaboration Workflow","version":3,"modelType":0,"description":"dynamic-collaboration-workflow-v1.0","stencilSetId":null,"createdByFullName":" Administrator","createdBy":1,"lastUpdatedByFullName":" Administrator","lastUpdatedBy":1,"lastUpdated":"2025-05-19T07:28:50.094+0000"}],"theme":"theme-1","icon":"fa-asterisk","publishIdentityInfo":[{"type":"user","person":{"id":1,"firstName":null,"lastName":"Administrator","email":"admin@app.activiti.com"},"group":null},{"type":"user","person":{"id":51,"firstName":"John","lastName":"Doe","email":"johndoe@crestsolution.com"},"group":null},{"type":"group","person":null,"group":{"id":51,"name":"Workflow","externalId":null,"status":"active","parentGroupId":null,"groups":null}}]}}