{"bounds":{"lowerRight":{"x":1935.9999489784252,"y":700.0},"upperLeft":{"x":0.0,"y":0.0}},"resourceId":"canvas","stencil":{"id":"BPMNDiagram"},"stencilset":{"namespace":"http://b3mn.org/stencilset/bpmn2.0#","url":"../editor/stencilsets/bpmn2.0/bpmn2.0.json"},"properties":{"process_id":"Contract_Management","name":"Contract Management","executionlisteners":{"executionListeners":[]},"eventlisteners":{"eventListeners":[]},"signaldefinitions":[],"messagedefinitions":[],"deleteallvariables":{"deleteallvariables":""},"executionvariables":[{"variableName":"signatureURL_response","variableType":"string","persist":"null"},{"variableName":"signvalue","variableType":"boolean","persist":"null"},{"variableName":"priority","variableType":"string","persist":"null"},{"variableName":"dueDateValue","variableType":"string","persist":"null"},{"variableName":"docnodeRef","variableType":"string","persist":"null"},{"variableName":"contentIdListNew","variableType":"string","persist":"null"}],"process_namespace":"http://www.activiti.org/processdef"},"childShapes":[{"bounds":{"lowerRight":{"x":45.0,"y":255.0},"upperLeft":{"x":15.0,"y":225.0}},"resourceId":"startEvent1","childShapes":[],"stencil":{"id":"StartNoneEvent"},"properties":{"overrideid":"startEvent1","name":"Initiator","formreference":{"id":8,"name":"Contract Management Start form"},"executionlisteners":{"executionListeners":[]},"asynchronousdefinition":false,"exclusivedefinition":false},"outgoing":[{"resourceId":"sid-4AC7D1CE-0B2B-4353-9308-41B1497810E4"}]},{"bounds":{"lowerRight":{"x":614.9999859184031,"y":217.99999383091946},"upperLeft":{"x":514.9999859184031,"y":137.99999383091946}},"resourceId":"sid-4A6891DA-4860-4709-BC99-0E37FCA28237","childShapes":[],"stencil":{"id":"UserTask"},"properties":{"overrideid":"user_task_1","name":"${contracttitle}","usertasksendemail":true,"usertaskassignment":{"assignment":{"type":"idm","idm":{"assigneeField":{"id":"selectuserforapprover1","name":"Select User for Approver 1"},"type":"user"},"initiatorCanCompleteTask":false,"deactivateUserTaskReassignment":false}},"prioritydefinition":"${priorityInt}","formreference":{"id":10,"name":"Contract Management User task 1 Form"},"duedatedefinition":{"duedate":{"variable":{"taskDueDateVariable":{"processVariableName":"dueDateValue"},"taskDueDateCalculationType":"add","years":0,"months":0,"days":0,"hours":0,"minutes":0,"seconds":0}}},"executionlisteners":{"executionListeners":[]},"isforcompensation":false,"asynchronousdefinition":false,"exclusivedefinition":false,"tasklisteners":{"taskListeners":[{"event":"assignment","className":"org.activiti.engine.impl.bpmn.listener.ScriptTaskListener","fields":[{"name":"language","stringValue":"groovy"},{"name":"script","stringValue":"def execution = task.getExecution();\ntask.setVariableLocal(\"userTaskStatus\", \"inProgress\");\ntask.setVariable(\"taskstatus\", \"\");"}]},{"event":"complete","className":"org.activiti.engine.impl.bpmn.listener.ScriptTaskListener","fields":[{"name":"language","stringValue":"groovy"},{"name":"script","stringValue":"def execution = task.getExecution(); \nif(execution.getVariable(\"taskstatus\") == \"Approved\")\ntask.setVariableLocal(\"userTaskStatus\",\"Approved\");\nelse\ntask.setVariableLocal(\"userTaskStatus\",\"Rejected\");"}]}]}},"outgoing":[{"resourceId":"sid-46D234DA-1A20-45DF-AB73-5B36968CC387"}]},{"bounds":{"lowerRight":{"x":824.9999921768905,"y":217.9999958872796},"upperLeft":{"x":724.9999921768905,"y":137.9999958872796}},"resourceId":"sid-03B9221C-265A-40F7-8386-B788B4ED4D89","childShapes":[],"stencil":{"id":"UserTask"},"properties":{"overrideid":"sid-03B9221C-265A-40F7-8386-B788B4ED4D89","name":"${contracttitle}","usertasksendemail":true,"usertaskassignment":{"assignment":{"type":"idm","idm":{"assigneeField":{"id":"selectuserforapprover2","name":"Select User for Approver 2"},"type":"user"},"initiatorCanCompleteTask":true,"deactivateUserTaskReassignment":false}},"prioritydefinition":"${priorityInt}","formreference":{"id":7,"name":"Contract Management User Task 2 form"},"duedatedefinition":{"duedate":{"variable":{"taskDueDateVariable":{"processVariableName":"dueDateValue"},"taskDueDateCalculationType":"add","years":0,"months":0,"days":0,"hours":0,"minutes":0,"seconds":0}}},"executionlisteners":{"executionListeners":[]},"isforcompensation":false,"asynchronousdefinition":false,"exclusivedefinition":false,"tasklisteners":{"taskListeners":[{"event":"assignment","className":"org.activiti.engine.impl.bpmn.listener.ScriptTaskListener","fields":[{"name":"language","stringValue":"groovy"},{"name":"script","stringValue":"task.setVariableLocal(\"userTaskStatus\", \"inProgress\");\ntask.setVariable(\"taskstatus\", \"\");"}]},{"event":"complete","className":"org.activiti.engine.impl.bpmn.listener.ScriptTaskListener","fields":[{"name":"language","stringValue":"groovy"},{"name":"script","stringValue":"def execution = task.getExecution(); \nif(execution.getVariable(\"taskstatus\") == \"Approved\")\ntask.setVariableLocal(\"userTaskStatus\",\"Approved\");\nelse\ntask.setVariableLocal(\"userTaskStatus\",\"Rejected\");"}]},{"event":"create","className":"org.activiti.engine.impl.bpmn.listener.ScriptTaskListener","fields":[{"name":"language","stringValue":"groovy"},{"name":"script","stringValue":"def execution = task.getExecution(); \nexecution .setVariable(\"taskstatus\", \"\");"}]}]}},"outgoing":[{"resourceId":"sid-875184B5-404C-4249-919C-1DA4BF379937"}]},{"bounds":{"lowerRight":{"x":794.999980926514,"y":354.9999906122686},"upperLeft":{"x":754.999980926514,"y":314.9999906122686}},"resourceId":"sid-F428A3CE-22A6-42E3-A812-B75FAD000E2C","childShapes":[],"stencil":{"id":"ExclusiveGateway"},"properties":{"overrideid":"sid-F428A3CE-22A6-42E3-A812-B75FAD000E2C","executionlisteners":{"executionListeners":[]},"asynchronousdefinition":false,"exclusivedefinition":false,"sequencefloworder":{"sequenceFlowOrder":["sid-1C9651BF-A584-44E5-BAC3-F84649D19021","sid-1E74F43B-2263-43B0-B1D4-2F5DEE36BC77"]}},"outgoing":[{"resourceId":"sid-1C9651BF-A584-44E5-BAC3-F84649D19021"},{"resourceId":"sid-1E74F43B-2263-43B0-B1D4-2F5DEE36BC77"}]},{"bounds":{"lowerRight":{"x":452.221673678704,"y":454.9999832361942},"upperLeft":{"x":352.221673678704,"y":374.9999832361942}},"resourceId":"sid-BDFA9645-2B79-416E-87BE-1E0063098B23","childShapes":[],"stencil":{"id":"UserTask"},"properties":{"overrideid":"sid-BDFA9645-2B79-416E-87BE-1E0063098B23","name":"${contracttitle}","usertasksendemail":true,"usertaskassignment":{"assignment":{"type":"idm","idm":{"type":"initiator"},"initiatorCanCompleteTask":false,"deactivateUserTaskReassignment":false}},"prioritydefinition":"${priorityInt}","formreference":{"id":8,"name":"Contract Management Start form"},"duedatedefinition":{"duedate":{"variable":{"taskDueDateVariable":{"processVariableName":"dueDateValue"},"taskDueDateCalculationType":"add","years":0,"months":0,"days":0,"hours":0,"minutes":0,"seconds":0}}},"executionlisteners":{"executionListeners":[]},"isforcompensation":false,"asynchronousdefinition":false,"exclusivedefinition":false,"tasklisteners":{"taskListeners":[{"event":"assignment","className":"org.activiti.engine.impl.bpmn.listener.ScriptTaskListener","fields":[{"name":"language","stringValue":"groovy"},{"name":"script","stringValue":"def execution = task.getExecution();\ntask.setVariableLocal(\"userTaskStatus\", \"inProgress\");\ntask.setVariable(\"selectuserforapprover1\", \"\");\ntask.setVariable(\"taskstatus\",\"\");"}]},{"event":"complete","className":"org.activiti.engine.impl.bpmn.listener.ScriptTaskListener","fields":[{"name":"language","stringValue":"groovy"},{"name":"script","stringValue":"def execution = task.getExecution(); \ntask.setVariableLocal(\"userTaskStatus\",\"Approved\");\ntask.setVariableLocal(\"taskstatus\",\"Approved\");"}]}]}},"outgoing":[{"resourceId":"sid-36AC5A1C-B5B2-47F8-B555-B800A470BCDE"}]},{"bounds":{"lowerRight":{"x":944.9999894946815,"y":197.99999558925637},"upperLeft":{"x":904.9999894946815,"y":157.99999558925637}},"resourceId":"sid-8D686F2C-4E33-4D4D-AFEE-1EE3E320371F","childShapes":[],"stencil":{"id":"ExclusiveGateway"},"properties":{"overrideid":"sid-8D686F2C-4E33-4D4D-AFEE-1EE3E320371F","executionlisteners":{"executionListeners":[]},"asynchronousdefinition":false,"exclusivedefinition":false,"sequencefloworder":{"sequenceFlowOrder":["sid-2390BC02-7385-4012-9581-F9B45450DD31","sid-1AD5EE24-CE1C-4BCE-9976-C4BA0A1628A0"]}},"outgoing":[{"resourceId":"sid-2390BC02-7385-4012-9581-F9B45450DD31"},{"resourceId":"sid-1AD5EE24-CE1C-4BCE-9976-C4BA0A1628A0"}]},{"bounds":{"lowerRight":{"x":172.0,"y":212.0},"upperLeft":{"x":128.0,"y":212.0}},"resourceId":"sid-875184B5-404C-4249-919C-1DA4BF379937","childShapes":[],"stencil":{"id":"SequenceFlow"},"dockers":[{"x":50.0,"y":40.0},{"x":20.0,"y":20.0}],"outgoing":[{"resourceId":"sid-8D686F2C-4E33-4D4D-AFEE-1EE3E320371F"}],"target":{"resourceId":"sid-8D686F2C-4E33-4D4D-AFEE-1EE3E320371F"},"properties":{"overrideid":"sid-875184B5-404C-4249-919C-1DA4BF379937","executionlisteners":{"executionListeners":[]}}},{"bounds":{"lowerRight":{"x":159.99999999999997,"y":217.99999383091944},"upperLeft":{"x":60.0,"y":137.99999383091944}},"resourceId":"sid-34702CD3-DE60-4C4A-BE21-D1A5C6C72BBA","childShapes":[],"stencil":{"id":"ScriptTask"},"properties":{"overrideid":"sid-34702CD3-DE60-4C4A-BE21-D1A5C6C72BBA","name":"Set process variables","scriptformat":"groovy","scripttext":"import com.activiti.domain.runtime.RelatedContent;\nimport java.util.HashMap;\nimport java.util.List;\nimport java.util.LinkedList;\n\nString pid = execution.getProcessInstanceId().toString();\nexecution.setVariable(\"pid\", pid);\nexecution.setVariable(\"signvalue\",false);\n\nint priority = 0;\nif(execution.getVariable(\"priority_LABEL\")!=null){\n    if(execution.getVariable(\"priority_LABEL\")==\"High\"){\n        priority = 1;\n    }\n    else if(execution.getVariable(\"priority_LABEL\")==\"Medium\"){\n        priority = 2;\n    }\n    else if(execution.getVariable(\"priority_LABEL\")==\"Low\"){\n        priority = 3;\n    }\n    execution.setVariable(\"priorityInt\", priority);\n}\nDate dueDateValue = null;\nif(execution.getVariable(\"duedate\")!=null){\n    execution.setVariable(\"dueDateValue\", execution.getVariable(\"duedate\"));\n    execution.setVariable(\"printDueDateValue\", execution.getVariable(\"duedate\"));\n    println(\"printDueDateValue:\" + execution.getVariable(\"printDueDateValue\"));\n}\n\n// List<String> idList = new LinkedList<String>();\n\n// //supportingdocuments\n// List<RelatedContent> exsitingList = relatedContentService.getFieldContentForProcessInstance(pid,\"supportingdocuments\", 100, 0).getContent();\n// for (RelatedContent document : exsitingList) {\n// \t\tSystem.out.println(\"document Id:\" + document.getId());\n// \t\tidList.add(document.getId().toString());\n// }\n\nexecution.setVariable(\"contentIdList\", \"\")\nprintln(\"contentIdList\"+ execution.getVariable(\"contentIdList\"));\n\n\n\nList<RelatedContent> contractlist = relatedContentService.getFieldContentForProcessInstance(pid,\"attachments\", 100, 0).getContent();\nprintln(\"contractlist.size==========================\"+ contractlist.size());\nfor (RelatedContent contract : contractlist) {\n    String sourceId = contract.getSourceId();\n\t\tSystem.out.println(\"source Id:\" + contract.getSourceId());\n\t\tif (sourceId != null) {\n\t\t\tString cleanedSourceId = sourceId.replace(\"sourceId:\", \"\");\n\t\t\tString[] parts = cleanedSourceId.split(\";\");\n\t\t\tString nodeId = parts[0];\n\t\t\tprintln(\"nodeId::::::::::::::::::::::::\"+ nodeId);\n\t\t\texecution.setVariable(\"docnodeRef\", nodeId);\n\t\t\texecution.setVariable(\"nodeId\",nodeId )\n\t\t}\n}\n\n\nprintln(\"===========================end of script=======================\")","executionlisteners":{"executionListeners":[]},"isforcompensation":false,"asynchronousdefinition":false,"exclusivedefinition":false},"outgoing":[{"resourceId":"sid-6DC673FB-0101-46B9-8C92-5C7A9C45C351"}]},{"bounds":{"lowerRight":{"x":1464.9999186396633,"y":85.9999999254942},"upperLeft":{"x":1364.9999186396633,"y":0.0}},"resourceId":"sid-3696E303-EB27-4803-A694-1ABE9C7A2C90","childShapes":[],"stencil":{"id":"UserTask"},"properties":{"overrideid":"sid-3696E303-EB27-4803-A694-1ABE9C7A2C90","name":"${contracttitle}","usertasksendemail":true,"usertaskassignment":{"assignment":{"type":"idm","idm":{"assigneeField":{"id":"selectuserforsigning","name":"Select User for signing"},"type":"user"},"initiatorCanCompleteTask":false,"deactivateUserTaskReassignment":false}},"prioritydefinition":"${priorityInt}","formreference":{"id":9,"name":"signatory form"},"duedatedefinition":{"duedate":{"variable":{"taskDueDateVariable":{"processVariableName":"dueDateValue"},"taskDueDateCalculationType":"add","years":0,"months":0,"days":0,"hours":0,"minutes":0,"seconds":0}}},"executionlisteners":{"executionListeners":[]},"isforcompensation":false,"asynchronousdefinition":false,"exclusivedefinition":false,"tasklisteners":{"taskListeners":[{"event":"assignment","className":"org.activiti.engine.impl.bpmn.listener.ScriptTaskListener","fields":[{"name":"language","stringValue":"groovy"},{"name":"script","stringValue":"task.setVariableLocal(\"userTaskStatus\", \"inProgress\");\ntask.setVariableLocal(\"taskstatus\",\"inProgress\");"}]},{"event":"complete","className":"org.activiti.engine.impl.bpmn.listener.ScriptTaskListener","fields":[{"name":"language","stringValue":"groovy"},{"name":"script","stringValue":"def execution = task.getExecution();\ntask.setVariableLocal(\"userTaskStatus\",\"Approved\");\nexecution.setVariable(\"userTaskStatus\",\"Approved\");\nexecution.setVariableLocal(\"taskstatus\",\"Approved\");\nexecution.setVariable(\"signvalue\",true);\nexecution.setVariable(\"taskstatus\",\"Approved\");"}]}]}},"outgoing":[{"resourceId":"sid-48155906-689F-4B72-8A15-C1B2961C7407"}]},{"bounds":{"lowerRight":{"x":172.0,"y":212.0},"upperLeft":{"x":128.0,"y":212.0}},"resourceId":"sid-48155906-689F-4B72-8A15-C1B2961C7407","childShapes":[],"stencil":{"id":"SequenceFlow"},"dockers":[{"x":50.0,"y":42.9999999627471},{"x":50.0,"y":40.0}],"outgoing":[{"resourceId":"sid-BD39E4FD-E7B6-4FCF-A829-5382052AF75A"}],"target":{"resourceId":"sid-BD39E4FD-E7B6-4FCF-A829-5382052AF75A"},"properties":{"overrideid":"sid-48155906-689F-4B72-8A15-C1B2961C7407","executionlisteners":{"executionListeners":[]}}},{"bounds":{"lowerRight":{"x":1119.9999544024483,"y":214.9999939650299},"upperLeft":{"x":1019.9999544024483,"y":134.9999939650299}},"resourceId":"sid-55335C92-73D1-4EE0-BEA2-D4D87CF5FF8B","childShapes":[],"stencil":{"id":"ScriptTask"},"properties":{"overrideid":"sid-55335C92-73D1-4EE0-BEA2-D4D87CF5FF8B","name":"Sign Set","scriptformat":"groovy","scripttext":"String nodeId =\"workspace://SpacesStore/\"+ execution.getVariable(\"docnodeRef\").toString();\n\nprintln(\"nodeId::::::::::::::::::::::::\"+ nodeId)\nString sign_set = '''{\n\"nodeRef\":'''+'\"'+ nodeId+ '\"'+''',\n\"users\":[{\"name\":\"Saikat Kumar Kumar\",\"email\":\"saikat.kumar@crestsolution.com\",\"signsets\":[{\"top\":284,\"left\":62,\"privyX\":55,\"privyY\":252,\"fieldtype\":\"sign\",\"pageindex\":2}]}]}''';\n\nprintln(\"sign_set:::::::::::::::::::::::::::::\"+ sign_set)\n\nexecution.setVariable(\"sign_Set\",sign_set);\n\nprintln(\"sign_set variable \"+ execution.getVariable(\"sign_Set\"));\nexecution.setVariable(\"taskstatus\",\"Inprogress\");\n","executionlisteners":{"executionListeners":[]},"isforcompensation":false,"asynchronousdefinition":false,"exclusivedefinition":false},"outgoing":[{"resourceId":"sid-43FDFA9E-3042-4A37-8214-9DF295172D29"}]},{"bounds":{"lowerRight":{"x":1284.9999293684984,"y":214.9999919533732},"upperLeft":{"x":1184.9999293684984,"y":134.9999919533732}},"resourceId":"sid-FC120291-EF05-4A64-9206-EBE80DBE1C65","childShapes":[],"stencil":{"id":"ServiceTask"},"properties":{"overrideid":"sid-FC120291-EF05-4A64-9206-EBE80DBE1C65","name":"Call Sign API","servicetaskexpression":"${getSignatureURL.getSignature(execution)}","servicetaskfields":{"fields":[]},"executionvariables":[{"variableName":"contentNodeIds","variableType":"string","persist":null}],"executionlisteners":{"executionListeners":[]},"isforcompensation":false,"asynchronousdefinition":false,"exclusivedefinition":false},"outgoing":[{"resourceId":"sid-AE2B8220-526D-48F3-A2E4-224F746E5D66"}]},{"bounds":{"lowerRight":{"x":172.0,"y":212.0},"upperLeft":{"x":128.0,"y":212.0}},"resourceId":"sid-AE2B8220-526D-48F3-A2E4-224F746E5D66","childShapes":[],"stencil":{"id":"SequenceFlow"},"dockers":[{"x":50.0,"y":40.0},{"x":50.0,"y":40.0}],"outgoing":[{"resourceId":"sid-007C7543-CD6A-4920-AAE4-4F8E3093BE40"}],"target":{"resourceId":"sid-007C7543-CD6A-4920-AAE4-4F8E3093BE40"},"properties":{"overrideid":"sid-AE2B8220-526D-48F3-A2E4-224F746E5D66","executionlisteners":{"executionListeners":[]}}},{"bounds":{"lowerRight":{"x":1464.9998779594962,"y":214.99999396502986},"upperLeft":{"x":1364.9998779594962,"y":134.99999396502986}},"resourceId":"sid-007C7543-CD6A-4920-AAE4-4F8E3093BE40","childShapes":[],"stencil":{"id":"ScriptTask"},"properties":{"overrideid":"sid-007C7543-CD6A-4920-AAE4-4F8E3093BE40","name":"Signature Link","scriptformat":"groovy","scripttext":"import groovy.json.JsonSlurper;\nimport com.activiti.domain.runtime.RelatedContent;\nimport java.util.HashMap;\nimport java.util.List;\nimport java.util.LinkedList;\n\nprintln(\"signatureURL_response::::::::::::::::::::::::\"+ execution.getVariable(\"signatureURL_response\").toString())\n\ndef jsonstring =execution.getVariable(\"signatureURL_response\").toString();\ndef jsonSlurper = new JsonSlurper()\ndef jsonObject = jsonSlurper.parseText(jsonstring)\nprintln jsonObject.emailUrlMap[\"saikat.kumar@crestsolution.com\"]\nexecution.setVariable(\"emailUrlMap\", jsonObject.emailUrlMap[\"saikat.kumar@crestsolution.com\"]);\n\nprintln(\"emailUrlMap:::::::::::::::::::::::\"+ execution.getVariable(\"emailUrlMap\"));\n","executionlisteners":{"executionListeners":[]},"isforcompensation":false,"asynchronousdefinition":false,"exclusivedefinition":false},"outgoing":[{"resourceId":"sid-2A8E1586-40DF-46B5-A19B-AC79B449B306"}]},{"bounds":{"lowerRight":{"x":172.0,"y":212.0},"upperLeft":{"x":128.0,"y":212.0}},"resourceId":"sid-43FDFA9E-3042-4A37-8214-9DF295172D29","childShapes":[],"stencil":{"id":"SequenceFlow"},"dockers":[{"x":50.0,"y":40.0},{"x":50.0,"y":40.0}],"outgoing":[{"resourceId":"sid-FC120291-EF05-4A64-9206-EBE80DBE1C65"}],"target":{"resourceId":"sid-FC120291-EF05-4A64-9206-EBE80DBE1C65"},"properties":{"overrideid":"sid-43FDFA9E-3042-4A37-8214-9DF295172D29","executionlisteners":{"executionListeners":[]}}},{"bounds":{"lowerRight":{"x":172.0,"y":212.0},"upperLeft":{"x":128.0,"y":212.0}},"resourceId":"sid-2A8E1586-40DF-46B5-A19B-AC79B449B306","childShapes":[],"stencil":{"id":"SequenceFlow"},"dockers":[{"x":50.0,"y":40.0},{"x":50.0,"y":42.9999999627471}],"outgoing":[{"resourceId":"sid-3696E303-EB27-4803-A694-1ABE9C7A2C90"}],"target":{"resourceId":"sid-3696E303-EB27-4803-A694-1ABE9C7A2C90"},"properties":{"overrideid":"sid-2A8E1586-40DF-46B5-A19B-AC79B449B306","executionlisteners":{"executionListeners":[]}}},{"bounds":{"lowerRight":{"x":172.0,"y":212.0},"upperLeft":{"x":128.0,"y":212.0}},"resourceId":"sid-36AC5A1C-B5B2-47F8-B555-B800A470BCDE","childShapes":[],"stencil":{"id":"SequenceFlow"},"dockers":[{"x":50.0,"y":40.0},{"x":402.221673678704,"y":332.24999882280827},{"x":50.0,"y":40.0}],"outgoing":[{"resourceId":"sid-4A6891DA-4860-4709-BC99-0E37FCA28237"}],"target":{"resourceId":"sid-4A6891DA-4860-4709-BC99-0E37FCA28237"},"properties":{"overrideid":"sid-36AC5A1C-B5B2-47F8-B555-B800A470BCDE","executionlisteners":{"executionListeners":[]}}},{"bounds":{"lowerRight":{"x":1812.9999489784252,"y":83.9999997317791},"upperLeft":{"x":1709.9999490380299,"y":3.9999997317791025}},"resourceId":"sid-BD5972F0-9E6A-4C02-B257-A32F76E82767","childShapes":[],"stencil":{"id":"RestCallTask"},"properties":{"overrideid":"sid-BD5972F0-9E6A-4C02-B257-A32F76E82767","restcalltask_endpoint":{"rest_url":"/api/-default-/public/alfresco/versions/1/nodes/${docnodeRef}","http_method":"PUT","endpoint_config":{"id":"5","name":"ACS-OOTB-API"}},"restcalltask_request_mapping":{"isJSONTemplate":true,"jsonTemplate":"{\"properties\":{\"con:status\":\"Approved\"}}"},"restcalltask_response_mapping":[],"restcalltask_request_headers":[],"servicetaskfields":{"fields":[{"name":"baseEndpoint","stringValue":"5"},{"name":"baseEndpointName","stringValue":"ACS-OOTB-API"},{"name":"restUrl","stringValue":"/api/-default-/public/alfresco/versions/1/nodes/${docnodeRef}"},{"name":"httpMethod","stringValue":"PUT"},{"name":"requestMappingJSONTemplate","expression":"{\"properties\":{\"con:status\":\"Approved\"}}"}]},"executionlisteners":{"executionListeners":[]},"isforcompensation":false,"asynchronousdefinition":true,"exclusivedefinition":true},"outgoing":[{"resourceId":"sid-764DA9BE-357F-4921-8596-741CECB78556"}]},{"bounds":{"lowerRight":{"x":172.0,"y":212.0},"upperLeft":{"x":128.0,"y":212.0}},"resourceId":"sid-57058716-A4F1-4108-80EC-6956E9F56B72","childShapes":[],"stencil":{"id":"SequenceFlow"},"dockers":[{"x":50.0,"y":40.0},{"x":51.49999997019768,"y":40.0}],"outgoing":[{"resourceId":"sid-BD5972F0-9E6A-4C02-B257-A32F76E82767"}],"target":{"resourceId":"sid-BD5972F0-9E6A-4C02-B257-A32F76E82767"},"properties":{"overrideid":"sid-57058716-A4F1-4108-80EC-6956E9F56B72","executionlisteners":{"executionListeners":[]}}},{"bounds":{"lowerRight":{"x":614.999969546996,"y":110.30302952946532},"upperLeft":{"x":514.999969546996,"y":30.30302952946532}},"resourceId":"sid-EEDE4B65-2EB8-467D-BF94-1C891D318183","childShapes":[],"stencil":{"id":"RestCallTask"},"properties":{"overrideid":"sid-EEDE4B65-2EB8-467D-BF94-1C891D318183","restcalltask_endpoint":{"rest_url":"/api/-default-/public/alfresco/versions/1/nodes/${docnodeRef}","http_method":"PUT","endpoint_config":{"id":"5","name":"ACS-OOTB-API"}},"restcalltask_request_mapping":{"isJSONTemplate":true,"jsonTemplate":"{\"properties\":{\"con:status\":\"in-review\"}}"},"restcalltask_response_mapping":[],"restcalltask_request_headers":[],"servicetaskfields":{"fields":[{"name":"baseEndpoint","stringValue":"5"},{"name":"baseEndpointName","stringValue":"ACS-OOTB-API"},{"name":"restUrl","stringValue":"/api/-default-/public/alfresco/versions/1/nodes/${docnodeRef}"},{"name":"httpMethod","stringValue":"PUT"},{"name":"requestMappingJSONTemplate","expression":"{\"properties\":{\"con:status\":\"in-review\"}}"}]},"executionlisteners":{"executionListeners":[]},"isforcompensation":false,"asynchronousdefinition":true,"exclusivedefinition":true},"outgoing":[{"resourceId":"sid-09BF4CE1-6489-4082-B99F-7B4205D0E2DA"}]},{"bounds":{"lowerRight":{"x":172.0,"y":212.0},"upperLeft":{"x":128.0,"y":212.0}},"resourceId":"sid-09BF4CE1-6489-4082-B99F-7B4205D0E2DA","childShapes":[],"stencil":{"id":"SequenceFlow"},"dockers":[{"x":50.0,"y":40.0},{"x":50.0,"y":40.0}],"outgoing":[{"resourceId":"sid-4A6891DA-4860-4709-BC99-0E37FCA28237"}],"target":{"resourceId":"sid-4A6891DA-4860-4709-BC99-0E37FCA28237"},"properties":{"overrideid":"sid-09BF4CE1-6489-4082-B99F-7B4205D0E2DA","executionlisteners":{"executionListeners":[]}}},{"bounds":{"lowerRight":{"x":452.22167367870395,"y":217.99999383091944},"upperLeft":{"x":352.22167367870395,"y":137.99999383091944}},"resourceId":"sid-8E646C92-1E61-4415-879C-5DD9AFADC278","childShapes":[],"stencil":{"id":"RestCallTask"},"properties":{"overrideid":"sid-8E646C92-1E61-4415-879C-5DD9AFADC278","restcalltask_endpoint":{"rest_url":"/s/digiworks/updatedocstatus?nodeId=${docnodeRef}&status=In Review","http_method":"GET","endpoint_config":{"id":"5","name":"ACS-OOTB-API"}},"restcalltask_request_mapping":{"isJSONTemplate":true,"jsonTemplate":""},"restcalltask_response_mapping":[],"restcalltask_request_headers":[],"servicetaskfields":{"fields":[{"name":"baseEndpoint","stringValue":"5"},{"name":"baseEndpointName","stringValue":"ACS-OOTB-API"},{"name":"restUrl","stringValue":"/s/digiworks/updatedocstatus?nodeId=${docnodeRef}&status=In Review"},{"name":"httpMethod","stringValue":"GET"},{"name":"requestMappingJSONTemplate"}]},"executionlisteners":{"executionListeners":[]},"isforcompensation":false,"asynchronousdefinition":true,"exclusivedefinition":true},"outgoing":[{"resourceId":"sid-E7BD1BE6-4707-4C6F-BD56-738C6A438E8D"}]},{"bounds":{"lowerRight":{"x":1614.999977424741,"y":83.99999967217447},"upperLeft":{"x":1514.999977424741,"y":3.999999672174468}},"resourceId":"sid-BD39E4FD-E7B6-4FCF-A829-5382052AF75A","childShapes":[],"stencil":{"id":"RestCallTask"},"properties":{"overrideid":"sid-BD39E4FD-E7B6-4FCF-A829-5382052AF75A","restcalltask_endpoint":{"rest_url":"/s/digiworks/updatedocstatus?nodeId=${docnodeRef}&status=Approved","http_method":"GET","endpoint_config":{"id":"5","name":"ACS-OOTB-API"}},"restcalltask_request_mapping":{"isJSONTemplate":true,"jsonTemplate":""},"restcalltask_response_mapping":[],"restcalltask_request_headers":[],"servicetaskfields":{"fields":[{"name":"baseEndpoint","stringValue":"5"},{"name":"baseEndpointName","stringValue":"ACS-OOTB-API"},{"name":"restUrl","stringValue":"/s/digiworks/updatedocstatus?nodeId=${docnodeRef}&status=Approved"},{"name":"httpMethod","stringValue":"GET"},{"name":"requestMappingJSONTemplate"}]},"executionlisteners":{"executionListeners":[]},"isforcompensation":false,"asynchronousdefinition":true,"exclusivedefinition":true},"outgoing":[{"resourceId":"sid-57058716-A4F1-4108-80EC-6956E9F56B72"}]},{"bounds":{"lowerRight":{"x":1885.9999489784252,"y":57.9999997317791},"upperLeft":{"x":1857.9999489784252,"y":29.9999997317791}},"resourceId":"sid-F75813CC-94F9-4512-B5EB-846869DB8E32","childShapes":[],"stencil":{"id":"EndNoneEvent"},"properties":{"overrideid":"sid-F75813CC-94F9-4512-B5EB-846869DB8E32","executionlisteners":{"executionListeners":[]},"asynchronousdefinition":false,"exclusivedefinition":false},"outgoing":[]},{"bounds":{"lowerRight":{"x":172.0,"y":212.0},"upperLeft":{"x":128.0,"y":212.0}},"resourceId":"sid-764DA9BE-357F-4921-8596-741CECB78556","childShapes":[],"stencil":{"id":"SequenceFlow"},"dockers":[{"x":51.49999997019768,"y":40.0},{"x":14.0,"y":14.0}],"outgoing":[{"resourceId":"sid-F75813CC-94F9-4512-B5EB-846869DB8E32"}],"target":{"resourceId":"sid-F75813CC-94F9-4512-B5EB-846869DB8E32"},"properties":{"overrideid":"sid-764DA9BE-357F-4921-8596-741CECB78556","executionlisteners":{"executionListeners":[]}}},{"bounds":{"lowerRight":{"x":311.0,"y":217.9999958872796},"upperLeft":{"x":211.0,"y":137.9999958872796}},"resourceId":"sid-9B009690-89D6-4F57-8393-74A4F3C68187","childShapes":[],"stencil":{"id":"ServiceTask"},"properties":{"overrideid":"sid-9B009690-89D6-4F57-8393-74A4F3C68187","name":"supporting Documents","servicetaskdelegateexpression":"${supportingDocuments}","servicetaskfields":{"fields":[]},"executionlisteners":{"executionListeners":[]},"isforcompensation":false,"asynchronousdefinition":false,"exclusivedefinition":false},"outgoing":[{"resourceId":"sid-6CB5B9AC-A6EA-4948-9016-E440E6C2EDC6"}]},{"bounds":{"lowerRight":{"x":172.0,"y":212.0},"upperLeft":{"x":128.0,"y":212.0}},"resourceId":"sid-6DC673FB-0101-46B9-8C92-5C7A9C45C351","childShapes":[],"stencil":{"id":"SequenceFlow"},"dockers":[{"x":49.999999999999986,"y":40.0},{"x":50.0,"y":40.0}],"outgoing":[{"resourceId":"sid-9B009690-89D6-4F57-8393-74A4F3C68187"}],"target":{"resourceId":"sid-9B009690-89D6-4F57-8393-74A4F3C68187"},"properties":{"overrideid":"sid-6DC673FB-0101-46B9-8C92-5C7A9C45C351","executionlisteners":{"executionListeners":[]}}},{"bounds":{"lowerRight":{"x":172.0,"y":212.0},"upperLeft":{"x":128.0,"y":212.0}},"resourceId":"sid-4AC7D1CE-0B2B-4353-9308-41B1497810E4","childShapes":[],"stencil":{"id":"SequenceFlow"},"dockers":[{"x":15.0,"y":15.0},{"x":30.0,"y":177.99999383091944},{"x":49.999999999999986,"y":40.0}],"outgoing":[{"resourceId":"sid-34702CD3-DE60-4C4A-BE21-D1A5C6C72BBA"}],"target":{"resourceId":"sid-34702CD3-DE60-4C4A-BE21-D1A5C6C72BBA"},"properties":{"overrideid":"sid-4AC7D1CE-0B2B-4353-9308-41B1497810E4","executionlisteners":{"executionListeners":[]}}},{"bounds":{"lowerRight":{"x":311.0,"y":95.0},"upperLeft":{"x":211.0,"y":15.0}},"resourceId":"sid-7BECBAFE-5CCF-4505-8B3C-1E4932081C15","childShapes":[],"stencil":{"id":"ScriptTask"},"properties":{"overrideid":"sid-7BECBAFE-5CCF-4505-8B3C-1E4932081C15","scriptformat":"groovy","scripttext":"println(\"contentIdListafterservicetask\"+ execution.getVariable(\"contentIdList\"));\nexecution.setVariable(\"contentIdListNew\" , execution.getVariable(\"contentIdList\"))","executionlisteners":{"executionListeners":[]},"isforcompensation":false,"asynchronousdefinition":false,"exclusivedefinition":false},"outgoing":[{"resourceId":"sid-5A5820AD-BA63-491B-9A64-54094CE5CDE6"}]},{"bounds":{"lowerRight":{"x":172.0,"y":212.0},"upperLeft":{"x":128.0,"y":212.0}},"resourceId":"sid-6CB5B9AC-A6EA-4948-9016-E440E6C2EDC6","childShapes":[],"stencil":{"id":"SequenceFlow"},"dockers":[{"x":50.0,"y":40.0},{"x":50.0,"y":40.0}],"outgoing":[{"resourceId":"sid-7BECBAFE-5CCF-4505-8B3C-1E4932081C15"}],"target":{"resourceId":"sid-7BECBAFE-5CCF-4505-8B3C-1E4932081C15"},"properties":{"overrideid":"sid-6CB5B9AC-A6EA-4948-9016-E440E6C2EDC6","executionlisteners":{"executionListeners":[]}}},{"bounds":{"lowerRight":{"x":172.0,"y":212.0},"upperLeft":{"x":128.0,"y":212.0}},"resourceId":"sid-E7BD1BE6-4707-4C6F-BD56-738C6A438E8D","childShapes":[],"stencil":{"id":"SequenceFlow"},"dockers":[{"x":50.0,"y":40.0},{"x":402.22167367870395,"y":70.30302952946532},{"x":50.0,"y":40.0}],"outgoing":[{"resourceId":"sid-EEDE4B65-2EB8-467D-BF94-1C891D318183"}],"target":{"resourceId":"sid-EEDE4B65-2EB8-467D-BF94-1C891D318183"},"properties":{"overrideid":"sid-E7BD1BE6-4707-4C6F-BD56-738C6A438E8D","executionlisteners":{"executionListeners":[]}}},{"bounds":{"lowerRight":{"x":172.0,"y":212.0},"upperLeft":{"x":128.0,"y":212.0}},"resourceId":"sid-5A5820AD-BA63-491B-9A64-54094CE5CDE6","childShapes":[],"stencil":{"id":"SequenceFlow"},"dockers":[{"x":50.0,"y":40.0},{"x":326.5993340487092,"y":55.0},{"x":326.5993340487092,"y":177.99999383091944},{"x":50.0,"y":40.0}],"outgoing":[{"resourceId":"sid-8E646C92-1E61-4415-879C-5DD9AFADC278"}],"target":{"resourceId":"sid-8E646C92-1E61-4415-879C-5DD9AFADC278"},"properties":{"overrideid":"sid-5A5820AD-BA63-491B-9A64-54094CE5CDE6","executionlisteners":{"executionListeners":[]}}},{"bounds":{"lowerRight":{"x":172.0,"y":212.0},"upperLeft":{"x":128.0,"y":212.0}},"resourceId":"sid-46D234DA-1A20-45DF-AB73-5B36968CC387","childShapes":[],"stencil":{"id":"SequenceFlow"},"dockers":[{"x":50.0,"y":40.0},{"x":667.0033523765661,"y":177.99999383091944},{"x":667.0033523765661,"y":334.9999906122686},{"x":20.0,"y":20.0}],"outgoing":[{"resourceId":"sid-F428A3CE-22A6-42E3-A812-B75FAD000E2C"}],"target":{"resourceId":"sid-F428A3CE-22A6-42E3-A812-B75FAD000E2C"},"properties":{"overrideid":"sid-46D234DA-1A20-45DF-AB73-5B36968CC387","executionlisteners":{"executionListeners":[]}}},{"bounds":{"lowerRight":{"x":172.0,"y":212.0},"upperLeft":{"x":128.0,"y":212.0}},"resourceId":"sid-1C9651BF-A584-44E5-BAC3-F84649D19021","childShapes":[],"stencil":{"id":"SequenceFlow"},"dockers":[{"x":20.0,"y":20.0},{"x":50.0,"y":40.0}],"outgoing":[{"resourceId":"sid-03B9221C-265A-40F7-8386-B788B4ED4D89"}],"target":{"resourceId":"sid-03B9221C-265A-40F7-8386-B788B4ED4D89"},"properties":{"overrideid":"sid-1C9651BF-A584-44E5-BAC3-F84649D19021","executionlisteners":{"executionListeners":[]},"defaultflow":true}},{"bounds":{"lowerRight":{"x":172.0,"y":212.0},"upperLeft":{"x":128.0,"y":212.0}},"resourceId":"sid-1E74F43B-2263-43B0-B1D4-2F5DEE36BC77","childShapes":[],"stencil":{"id":"SequenceFlow"},"dockers":[{"x":20.0,"y":20.0},{"x":774.9999809265139,"y":378.999999332428},{"x":50.0,"y":40.0}],"outgoing":[{"resourceId":"sid-BDFA9645-2B79-416E-87BE-1E0063098B23"}],"target":{"resourceId":"sid-BDFA9645-2B79-416E-87BE-1E0063098B23"},"properties":{"overrideid":"sid-1E74F43B-2263-43B0-B1D4-2F5DEE36BC77","name":"Reject","executionlisteners":{"executionListeners":[]},"conditionsequenceflow":{"expression":{"index":"0","leftFormFieldId":"taskstatus_LABEL","leftFormFieldType":"dropdown","rightValue":"Reject","operator":"==","type":"variables"}}}},{"bounds":{"lowerRight":{"x":172.0,"y":212.0},"upperLeft":{"x":128.0,"y":212.0}},"resourceId":"sid-2390BC02-7385-4012-9581-F9B45450DD31","childShapes":[],"stencil":{"id":"SequenceFlow"},"dockers":[{"x":20.0,"y":20.0},{"x":925.4999894946815,"y":414.9999832361942},{"x":50.0,"y":40.0}],"outgoing":[{"resourceId":"sid-BDFA9645-2B79-416E-87BE-1E0063098B23"}],"target":{"resourceId":"sid-BDFA9645-2B79-416E-87BE-1E0063098B23"},"properties":{"overrideid":"sid-2390BC02-7385-4012-9581-F9B45450DD31","name":"Reject","executionlisteners":{"executionListeners":[]},"conditionsequenceflow":{"expression":{"index":"0","leftFormFieldId":"taskstatus","leftFormFieldType":"dropdown","rightValue":"reject","operator":"==","type":"variables"}}}},{"bounds":{"lowerRight":{"x":172.0,"y":212.0},"upperLeft":{"x":128.0,"y":212.0}},"resourceId":"sid-1AD5EE24-CE1C-4BCE-9976-C4BA0A1628A0","childShapes":[],"stencil":{"id":"SequenceFlow"},"dockers":[{"x":20.0,"y":20.0},{"x":50.0,"y":40.0}],"outgoing":[{"resourceId":"sid-55335C92-73D1-4EE0-BEA2-D4D87CF5FF8B"}],"target":{"resourceId":"sid-55335C92-73D1-4EE0-BEA2-D4D87CF5FF8B"},"properties":{"overrideid":"sid-1AD5EE24-CE1C-4BCE-9976-C4BA0A1628A0","name":"Approve","executionlisteners":{"executionListeners":[]},"defaultflow":true}}]}