<?xml version='1.0' encoding='UTF-8'?>
<bpmn2:definitions xmlns="http://www.omg.org/spec/BPMN/20100524/MODEL" xmlns:bpmn2="http://www.omg.org/spec/BPMN/20100524/MODEL" xmlns:xsi="http://www.w3.org/2001/XMLSchema-instance" xmlns:xsd="http://www.w3.org/2001/XMLSchema" xmlns:activiti="http://activiti.org/bpmn" xmlns:bpmndi="http://www.omg.org/spec/BPMN/20100524/DI" xmlns:omgdc="http://www.omg.org/spec/DD/20100524/DC" xmlns:omgdi="http://www.omg.org/spec/DD/20100524/DI" typeLanguage="http://www.w3.org/2001/XMLSchema" expressionLanguage="http://www.w3.org/1999/XPath" targetNamespace="http://www.activiti.org/processdef" xmlns:modeler="http://activiti.com/modeler" modeler:version="1.0en" modeler:exportDateTime="20250516115819791" modeler:modelId="11" modeler:modelVersion="2" modeler:modelLastUpdated="1747396693699">
  <bpmn2:process id="Contract_Management" name="Contract Management" isExecutable="true">
    <extensionElements>
      <modeler:deleteallvariables xmlns:modeler="http://activiti.com/modeler" modeler:deleteallvariables=""/>
      <modeler:executionvariables xmlns:modeler="http://activiti.com/modeler" modeler:variableName="signatureURL_response" modeler:variableType="string" modeler:persist="null"/>
      <modeler:executionvariables xmlns:modeler="http://activiti.com/modeler" modeler:variableName="signvalue" modeler:variableType="boolean" modeler:persist="null"/>
      <modeler:executionvariables xmlns:modeler="http://activiti.com/modeler" modeler:variableName="priority" modeler:variableType="string" modeler:persist="null"/>
      <modeler:executionvariables xmlns:modeler="http://activiti.com/modeler" modeler:variableName="dueDateValue" modeler:variableType="string" modeler:persist="null"/>
      <modeler:executionvariables xmlns:modeler="http://activiti.com/modeler" modeler:variableName="docnodeRef" modeler:variableType="string" modeler:persist="null"/>
      <modeler:executionvariables xmlns:modeler="http://activiti.com/modeler" modeler:variableName="contentIdListNew" modeler:variableType="string" modeler:persist="null"/>
    </extensionElements>
    <bpmn2:startEvent id="startEvent1" name="Initiator" activiti:formKey="8">
      <extensionElements>
        <modeler:form-reference-id><![CDATA[8]]></modeler:form-reference-id>
        <modeler:form-reference-name><![CDATA[Contract Management Start form]]></modeler:form-reference-name>
        <modeler:editor-resource-id><![CDATA[startEvent1]]></modeler:editor-resource-id>
      </extensionElements>
      <bpmn2:outgoing>sid-4AC7D1CE-0B2B-4353-9308-41B1497810E4</bpmn2:outgoing>
    </bpmn2:startEvent>
    <bpmn2:userTask id="user_task_1" name="${contracttitle}" activiti:async="true" activiti:exclusive="false" activiti:assignee="${taskAssignmentBean.assignTaskToAssignee('selectuserforapprover1', execution)}" activiti:dueDate="${taskDueDateBean.calculateDueDateWithVariable('dueDateValue','add',0,0,0,0,0,0, execution)}" activiti:formKey="10" activiti:priority="${priorityInt}">
      <extensionElements>
        <activiti:executionListener event="start" class="com.activiti.runtime.activiti.ContentProcessorExecutionListener">
          <activiti:field name="externalContentHandler">
            <activiti:expression><![CDATA[${externalContentHandler}]]></activiti:expression>
          </activiti:field>
        </activiti:executionListener>
        <activiti:taskListener event="assignment" class="org.activiti.engine.impl.bpmn.listener.ScriptTaskListener">
          <activiti:field name="language">
            <activiti:string><![CDATA[groovy]]></activiti:string>
          </activiti:field>
          <activiti:field name="script">
            <activiti:string><![CDATA[def execution = task.getExecution();
task.setVariableLocal("userTaskStatus", "inProgress");
task.setVariable("taskstatus", "");]]></activiti:string>
          </activiti:field>
        </activiti:taskListener>
        <activiti:taskListener event="complete" class="org.activiti.engine.impl.bpmn.listener.ScriptTaskListener">
          <activiti:field name="language">
            <activiti:string><![CDATA[groovy]]></activiti:string>
          </activiti:field>
          <activiti:field name="script">
            <activiti:string><![CDATA[def execution = task.getExecution(); 
if(execution.getVariable("taskstatus") == "Approved")
task.setVariableLocal("userTaskStatus","Approved");
else
task.setVariableLocal("userTaskStatus","Rejected");]]></activiti:string>
          </activiti:field>
        </activiti:taskListener>
        <modeler:allow-send-email><![CDATA[true]]></modeler:allow-send-email>
        <modeler:form-reference-id><![CDATA[10]]></modeler:form-reference-id>
        <modeler:form-reference-name><![CDATA[Contract Management User task 1 Form]]></modeler:form-reference-name>
        <modeler:duedate-type><![CDATA[variable]]></modeler:duedate-type>
        <modeler:duedate-calculation-type><![CDATA[add]]></modeler:duedate-calculation-type>
        <modeler:duedate-variable-name><![CDATA[dueDateValue]]></modeler:duedate-variable-name>
        <modeler:duedate-years><![CDATA[0]]></modeler:duedate-years>
        <modeler:duedate-months><![CDATA[0]]></modeler:duedate-months>
        <modeler:duedate-days><![CDATA[0]]></modeler:duedate-days>
        <modeler:duedate-hours><![CDATA[0]]></modeler:duedate-hours>
        <modeler:duedate-minutes><![CDATA[0]]></modeler:duedate-minutes>
        <modeler:duedate-seconds><![CDATA[0]]></modeler:duedate-seconds>
        <modeler:activiti-idm-assignee-field><![CDATA[selectuserforapprover1]]></modeler:activiti-idm-assignee-field>
        <modeler:assignee-field-info-name><![CDATA[Select User for Approver 1]]></modeler:assignee-field-info-name>
        <modeler:initiator-can-complete><![CDATA[false]]></modeler:initiator-can-complete>
        <modeler:deactivate-user-task-reassignment><![CDATA[false]]></modeler:deactivate-user-task-reassignment>
        <modeler:editor-resource-id><![CDATA[sid-4A6891DA-4860-4709-BC99-0E37FCA28237]]></modeler:editor-resource-id>
        <modeler:ignore-listener-on-import><![CDATA[com.activiti.runtime.activiti.ContentProcessorExecutionListener]]></modeler:ignore-listener-on-import>
      </extensionElements>
      <bpmn2:incoming>sid-36AC5A1C-B5B2-47F8-B555-B800A470BCDE</bpmn2:incoming>
      <bpmn2:incoming>sid-09BF4CE1-6489-4082-B99F-7B4205D0E2DA</bpmn2:incoming>
      <bpmn2:outgoing>sid-46D234DA-1A20-45DF-AB73-5B36968CC387</bpmn2:outgoing>
    </bpmn2:userTask>
    <bpmn2:userTask id="sid-03B9221C-265A-40F7-8386-B788B4ED4D89" name="${contracttitle}" activiti:assignee="${taskAssignmentBean.assignTaskToAssignee('selectuserforapprover2', execution)}" activiti:dueDate="${taskDueDateBean.calculateDueDateWithVariable('dueDateValue','add',0,0,0,0,0,0, execution)}" activiti:formKey="7" activiti:priority="${priorityInt}">
      <extensionElements>
        <activiti:taskListener event="assignment" class="org.activiti.engine.impl.bpmn.listener.ScriptTaskListener">
          <activiti:field name="language">
            <activiti:string><![CDATA[groovy]]></activiti:string>
          </activiti:field>
          <activiti:field name="script">
            <activiti:string><![CDATA[task.setVariableLocal("userTaskStatus", "inProgress");
task.setVariable("taskstatus", "");]]></activiti:string>
          </activiti:field>
        </activiti:taskListener>
        <activiti:taskListener event="complete" class="org.activiti.engine.impl.bpmn.listener.ScriptTaskListener">
          <activiti:field name="language">
            <activiti:string><![CDATA[groovy]]></activiti:string>
          </activiti:field>
          <activiti:field name="script">
            <activiti:string><![CDATA[def execution = task.getExecution(); 
if(execution.getVariable("taskstatus") == "Approved")
task.setVariableLocal("userTaskStatus","Approved");
else
task.setVariableLocal("userTaskStatus","Rejected");]]></activiti:string>
          </activiti:field>
        </activiti:taskListener>
        <activiti:taskListener event="create" class="org.activiti.engine.impl.bpmn.listener.ScriptTaskListener">
          <activiti:field name="language">
            <activiti:string><![CDATA[groovy]]></activiti:string>
          </activiti:field>
          <activiti:field name="script">
            <activiti:string><![CDATA[def execution = task.getExecution(); 
execution .setVariable("taskstatus", "");]]></activiti:string>
          </activiti:field>
        </activiti:taskListener>
        <modeler:allow-send-email><![CDATA[true]]></modeler:allow-send-email>
        <modeler:form-reference-id><![CDATA[7]]></modeler:form-reference-id>
        <modeler:form-reference-name><![CDATA[Contract Management User Task 2 form]]></modeler:form-reference-name>
        <modeler:duedate-type><![CDATA[variable]]></modeler:duedate-type>
        <modeler:duedate-calculation-type><![CDATA[add]]></modeler:duedate-calculation-type>
        <modeler:duedate-variable-name><![CDATA[dueDateValue]]></modeler:duedate-variable-name>
        <modeler:duedate-years><![CDATA[0]]></modeler:duedate-years>
        <modeler:duedate-months><![CDATA[0]]></modeler:duedate-months>
        <modeler:duedate-days><![CDATA[0]]></modeler:duedate-days>
        <modeler:duedate-hours><![CDATA[0]]></modeler:duedate-hours>
        <modeler:duedate-minutes><![CDATA[0]]></modeler:duedate-minutes>
        <modeler:duedate-seconds><![CDATA[0]]></modeler:duedate-seconds>
        <modeler:activiti-idm-assignee-field><![CDATA[selectuserforapprover2]]></modeler:activiti-idm-assignee-field>
        <modeler:assignee-field-info-name><![CDATA[Select User for Approver 2]]></modeler:assignee-field-info-name>
        <modeler:initiator-can-complete><![CDATA[true]]></modeler:initiator-can-complete>
        <modeler:deactivate-user-task-reassignment><![CDATA[false]]></modeler:deactivate-user-task-reassignment>
        <modeler:editor-resource-id><![CDATA[sid-03B9221C-265A-40F7-8386-B788B4ED4D89]]></modeler:editor-resource-id>
      </extensionElements>
      <bpmn2:incoming>sid-1C9651BF-A584-44E5-BAC3-F84649D19021</bpmn2:incoming>
      <bpmn2:outgoing>sid-875184B5-404C-4249-919C-1DA4BF379937</bpmn2:outgoing>
    </bpmn2:userTask>
    <bpmn2:exclusiveGateway id="sid-F428A3CE-22A6-42E3-A812-B75FAD000E2C" default="sid-1C9651BF-A584-44E5-BAC3-F84649D19021">
      <extensionElements>
        <modeler:editor-resource-id><![CDATA[sid-F428A3CE-22A6-42E3-A812-B75FAD000E2C]]></modeler:editor-resource-id>
      </extensionElements>
      <bpmn2:incoming>sid-46D234DA-1A20-45DF-AB73-5B36968CC387</bpmn2:incoming>
      <bpmn2:outgoing>sid-1C9651BF-A584-44E5-BAC3-F84649D19021</bpmn2:outgoing>
      <bpmn2:outgoing>sid-1E74F43B-2263-43B0-B1D4-2F5DEE36BC77</bpmn2:outgoing>
    </bpmn2:exclusiveGateway>
    <bpmn2:userTask id="sid-BDFA9645-2B79-416E-87BE-1E0063098B23" name="${contracttitle}" activiti:assignee="$INITIATOR" activiti:dueDate="${taskDueDateBean.calculateDueDateWithVariable('dueDateValue','add',0,0,0,0,0,0, execution)}" activiti:formKey="8" activiti:priority="${priorityInt}">
      <extensionElements>
        <activiti:taskListener event="assignment" class="org.activiti.engine.impl.bpmn.listener.ScriptTaskListener">
          <activiti:field name="language">
            <activiti:string><![CDATA[groovy]]></activiti:string>
          </activiti:field>
          <activiti:field name="script">
            <activiti:string><![CDATA[def execution = task.getExecution();
task.setVariableLocal("userTaskStatus", "inProgress");
task.setVariable("selectuserforapprover1", "");
task.setVariable("taskstatus","");]]></activiti:string>
          </activiti:field>
        </activiti:taskListener>
        <activiti:taskListener event="complete" class="org.activiti.engine.impl.bpmn.listener.ScriptTaskListener">
          <activiti:field name="language">
            <activiti:string><![CDATA[groovy]]></activiti:string>
          </activiti:field>
          <activiti:field name="script">
            <activiti:string><![CDATA[def execution = task.getExecution(); 
task.setVariableLocal("userTaskStatus","Approved");
task.setVariableLocal("taskstatus","Approved");]]></activiti:string>
          </activiti:field>
        </activiti:taskListener>
        <modeler:allow-send-email><![CDATA[true]]></modeler:allow-send-email>
        <modeler:form-reference-id><![CDATA[8]]></modeler:form-reference-id>
        <modeler:form-reference-name><![CDATA[Contract Management Start form]]></modeler:form-reference-name>
        <modeler:duedate-type><![CDATA[variable]]></modeler:duedate-type>
        <modeler:duedate-calculation-type><![CDATA[add]]></modeler:duedate-calculation-type>
        <modeler:duedate-variable-name><![CDATA[dueDateValue]]></modeler:duedate-variable-name>
        <modeler:duedate-years><![CDATA[0]]></modeler:duedate-years>
        <modeler:duedate-months><![CDATA[0]]></modeler:duedate-months>
        <modeler:duedate-days><![CDATA[0]]></modeler:duedate-days>
        <modeler:duedate-hours><![CDATA[0]]></modeler:duedate-hours>
        <modeler:duedate-minutes><![CDATA[0]]></modeler:duedate-minutes>
        <modeler:duedate-seconds><![CDATA[0]]></modeler:duedate-seconds>
        <modeler:activiti-idm-initiator><![CDATA[true]]></modeler:activiti-idm-initiator>
        <modeler:initiator-can-complete><![CDATA[false]]></modeler:initiator-can-complete>
        <modeler:deactivate-user-task-reassignment><![CDATA[false]]></modeler:deactivate-user-task-reassignment>
        <modeler:editor-resource-id><![CDATA[sid-BDFA9645-2B79-416E-87BE-1E0063098B23]]></modeler:editor-resource-id>
      </extensionElements>
      <bpmn2:incoming>sid-1E74F43B-2263-43B0-B1D4-2F5DEE36BC77</bpmn2:incoming>
      <bpmn2:incoming>sid-2390BC02-7385-4012-9581-F9B45450DD31</bpmn2:incoming>
      <bpmn2:outgoing>sid-36AC5A1C-B5B2-47F8-B555-B800A470BCDE</bpmn2:outgoing>
    </bpmn2:userTask>
    <bpmn2:exclusiveGateway id="sid-8D686F2C-4E33-4D4D-AFEE-1EE3E320371F" default="sid-1AD5EE24-CE1C-4BCE-9976-C4BA0A1628A0">
      <extensionElements>
        <modeler:editor-resource-id><![CDATA[sid-8D686F2C-4E33-4D4D-AFEE-1EE3E320371F]]></modeler:editor-resource-id>
      </extensionElements>
      <bpmn2:incoming>sid-875184B5-404C-4249-919C-1DA4BF379937</bpmn2:incoming>
      <bpmn2:outgoing>sid-2390BC02-7385-4012-9581-F9B45450DD31</bpmn2:outgoing>
      <bpmn2:outgoing>sid-1AD5EE24-CE1C-4BCE-9976-C4BA0A1628A0</bpmn2:outgoing>
    </bpmn2:exclusiveGateway>
    <bpmn2:sequenceFlow id="sid-875184B5-404C-4249-919C-1DA4BF379937" sourceRef="sid-03B9221C-265A-40F7-8386-B788B4ED4D89" targetRef="sid-8D686F2C-4E33-4D4D-AFEE-1EE3E320371F">
      <extensionElements>
        <modeler:editor-resource-id><![CDATA[sid-875184B5-404C-4249-919C-1DA4BF379937]]></modeler:editor-resource-id>
      </extensionElements>
    </bpmn2:sequenceFlow>
    <bpmn2:scriptTask id="sid-34702CD3-DE60-4C4A-BE21-D1A5C6C72BBA" name="Set process variables" activiti:async="true" activiti:exclusive="false" scriptFormat="groovy" activiti:autoStoreVariables="false">
      <extensionElements>
        <activiti:executionListener event="start" class="com.activiti.runtime.activiti.ContentProcessorExecutionListener">
          <activiti:field name="externalContentHandler">
            <activiti:expression><![CDATA[${externalContentHandler}]]></activiti:expression>
          </activiti:field>
        </activiti:executionListener>
        <modeler:editor-resource-id><![CDATA[sid-34702CD3-DE60-4C4A-BE21-D1A5C6C72BBA]]></modeler:editor-resource-id>
        <modeler:ignore-listener-on-import><![CDATA[com.activiti.runtime.activiti.ContentProcessorExecutionListener]]></modeler:ignore-listener-on-import>
      </extensionElements>
      <bpmn2:incoming>sid-4AC7D1CE-0B2B-4353-9308-41B1497810E4</bpmn2:incoming>
      <bpmn2:outgoing>sid-6DC673FB-0101-46B9-8C92-5C7A9C45C351</bpmn2:outgoing>
      <script><![CDATA[import com.activiti.domain.runtime.RelatedContent;
import java.util.HashMap;
import java.util.List;
import java.util.LinkedList;

String pid = execution.getProcessInstanceId().toString();
execution.setVariable("pid", pid);
execution.setVariable("signvalue",false);

int priority = 0;
if(execution.getVariable("priority_LABEL")!=null){
    if(execution.getVariable("priority_LABEL")=="High"){
        priority = 1;
    }
    else if(execution.getVariable("priority_LABEL")=="Medium"){
        priority = 2;
    }
    else if(execution.getVariable("priority_LABEL")=="Low"){
        priority = 3;
    }
    execution.setVariable("priorityInt", priority);
}
Date dueDateValue = null;
if(execution.getVariable("duedate")!=null){
    execution.setVariable("dueDateValue", execution.getVariable("duedate"));
    execution.setVariable("printDueDateValue", execution.getVariable("duedate"));
    println("printDueDateValue:" + execution.getVariable("printDueDateValue"));
}

// List<String> idList = new LinkedList<String>();

// //supportingdocuments
// List<RelatedContent> exsitingList = relatedContentService.getFieldContentForProcessInstance(pid,"supportingdocuments", 100, 0).getContent();
// for (RelatedContent document : exsitingList) {
// 		System.out.println("document Id:" + document.getId());
// 		idList.add(document.getId().toString());
// }

execution.setVariable("contentIdList", "")
println("contentIdList"+ execution.getVariable("contentIdList"));



List<RelatedContent> contractlist = relatedContentService.getFieldContentForProcessInstance(pid,"attachments", 100, 0).getContent();
println("contractlist.size=========================="+ contractlist.size());
for (RelatedContent contract : contractlist) {
    String sourceId = contract.getSourceId();
		System.out.println("source Id:" + contract.getSourceId());
		if (sourceId != null) {
			String cleanedSourceId = sourceId.replace("sourceId:", "");
			String[] parts = cleanedSourceId.split(";");
			String nodeId = parts[0];
			println("nodeId::::::::::::::::::::::::"+ nodeId);
			execution.setVariable("docnodeRef", nodeId);
			execution.setVariable("nodeId",nodeId )
		}
}


println("===========================end of script=======================")]]></script>
    </bpmn2:scriptTask>
    <bpmn2:userTask id="sid-3696E303-EB27-4803-A694-1ABE9C7A2C90" name="${contracttitle}" activiti:assignee="${taskAssignmentBean.assignTaskToAssignee('selectuserforsigning', execution)}" activiti:dueDate="${taskDueDateBean.calculateDueDateWithVariable('dueDateValue','add',0,0,0,0,0,0, execution)}" activiti:formKey="9" activiti:priority="${priorityInt}">
      <extensionElements>
        <activiti:taskListener event="assignment" class="org.activiti.engine.impl.bpmn.listener.ScriptTaskListener">
          <activiti:field name="language">
            <activiti:string><![CDATA[groovy]]></activiti:string>
          </activiti:field>
          <activiti:field name="script">
            <activiti:string><![CDATA[task.setVariableLocal("userTaskStatus", "inProgress");
task.setVariableLocal("taskstatus","inProgress");]]></activiti:string>
          </activiti:field>
        </activiti:taskListener>
        <activiti:taskListener event="complete" class="org.activiti.engine.impl.bpmn.listener.ScriptTaskListener">
          <activiti:field name="language">
            <activiti:string><![CDATA[groovy]]></activiti:string>
          </activiti:field>
          <activiti:field name="script">
            <activiti:string><![CDATA[def execution = task.getExecution();
task.setVariableLocal("userTaskStatus","Approved");
execution.setVariable("userTaskStatus","Approved");
execution.setVariableLocal("taskstatus","Approved");
execution.setVariable("signvalue",true);
execution.setVariable("taskstatus","Approved");]]></activiti:string>
          </activiti:field>
        </activiti:taskListener>
        <modeler:allow-send-email><![CDATA[true]]></modeler:allow-send-email>
        <modeler:form-reference-id><![CDATA[9]]></modeler:form-reference-id>
        <modeler:form-reference-name><![CDATA[signatory form]]></modeler:form-reference-name>
        <modeler:duedate-type><![CDATA[variable]]></modeler:duedate-type>
        <modeler:duedate-calculation-type><![CDATA[add]]></modeler:duedate-calculation-type>
        <modeler:duedate-variable-name><![CDATA[dueDateValue]]></modeler:duedate-variable-name>
        <modeler:duedate-years><![CDATA[0]]></modeler:duedate-years>
        <modeler:duedate-months><![CDATA[0]]></modeler:duedate-months>
        <modeler:duedate-days><![CDATA[0]]></modeler:duedate-days>
        <modeler:duedate-hours><![CDATA[0]]></modeler:duedate-hours>
        <modeler:duedate-minutes><![CDATA[0]]></modeler:duedate-minutes>
        <modeler:duedate-seconds><![CDATA[0]]></modeler:duedate-seconds>
        <modeler:activiti-idm-assignee-field><![CDATA[selectuserforsigning]]></modeler:activiti-idm-assignee-field>
        <modeler:assignee-field-info-name><![CDATA[Select User for signing]]></modeler:assignee-field-info-name>
        <modeler:initiator-can-complete><![CDATA[false]]></modeler:initiator-can-complete>
        <modeler:deactivate-user-task-reassignment><![CDATA[false]]></modeler:deactivate-user-task-reassignment>
        <modeler:editor-resource-id><![CDATA[sid-3696E303-EB27-4803-A694-1ABE9C7A2C90]]></modeler:editor-resource-id>
      </extensionElements>
      <bpmn2:incoming>sid-2A8E1586-40DF-46B5-A19B-AC79B449B306</bpmn2:incoming>
      <bpmn2:outgoing>sid-48155906-689F-4B72-8A15-C1B2961C7407</bpmn2:outgoing>
    </bpmn2:userTask>
    <bpmn2:sequenceFlow id="sid-48155906-689F-4B72-8A15-C1B2961C7407" sourceRef="sid-3696E303-EB27-4803-A694-1ABE9C7A2C90" targetRef="sid-BD39E4FD-E7B6-4FCF-A829-5382052AF75A">
      <extensionElements>
        <modeler:editor-resource-id><![CDATA[sid-48155906-689F-4B72-8A15-C1B2961C7407]]></modeler:editor-resource-id>
      </extensionElements>
    </bpmn2:sequenceFlow>
    <bpmn2:scriptTask id="sid-55335C92-73D1-4EE0-BEA2-D4D87CF5FF8B" name="Sign Set" scriptFormat="groovy" activiti:autoStoreVariables="false">
      <extensionElements>
        <modeler:editor-resource-id><![CDATA[sid-55335C92-73D1-4EE0-BEA2-D4D87CF5FF8B]]></modeler:editor-resource-id>
      </extensionElements>
      <bpmn2:incoming>sid-1AD5EE24-CE1C-4BCE-9976-C4BA0A1628A0</bpmn2:incoming>
      <bpmn2:outgoing>sid-43FDFA9E-3042-4A37-8214-9DF295172D29</bpmn2:outgoing>
      <script><![CDATA[String nodeId ="workspace://SpacesStore/"+ execution.getVariable("docnodeRef").toString();

println("nodeId::::::::::::::::::::::::"+ nodeId)
String sign_set = '''{
"nodeRef":'''+'"'+ nodeId+ '"'+''',
"users":[{"name":"Saikat Kumar Kumar","email":"saikat.kumar@crestsolution.com","signsets":[{"top":284,"left":62,"privyX":55,"privyY":252,"fieldtype":"sign","pageindex":2}]}]}''';

println("sign_set:::::::::::::::::::::::::::::"+ sign_set)

execution.setVariable("sign_Set",sign_set);

println("sign_set variable "+ execution.getVariable("sign_Set"));
execution.setVariable("taskstatus","Inprogress");
]]></script>
    </bpmn2:scriptTask>
    <bpmn2:serviceTask id="sid-FC120291-EF05-4A64-9206-EBE80DBE1C65" name="Call Sign API" activiti:expression="${getSignatureURL.getSignature(execution)}">
      <extensionElements>
        <modeler:executionvariables modeler:variableName="contentNodeIds" modeler:variableType="string"/>
        <modeler:editor-resource-id><![CDATA[sid-FC120291-EF05-4A64-9206-EBE80DBE1C65]]></modeler:editor-resource-id>
      </extensionElements>
      <bpmn2:incoming>sid-43FDFA9E-3042-4A37-8214-9DF295172D29</bpmn2:incoming>
      <bpmn2:outgoing>sid-AE2B8220-526D-48F3-A2E4-224F746E5D66</bpmn2:outgoing>
    </bpmn2:serviceTask>
    <bpmn2:sequenceFlow id="sid-AE2B8220-526D-48F3-A2E4-224F746E5D66" sourceRef="sid-FC120291-EF05-4A64-9206-EBE80DBE1C65" targetRef="sid-007C7543-CD6A-4920-AAE4-4F8E3093BE40">
      <extensionElements>
        <modeler:editor-resource-id><![CDATA[sid-AE2B8220-526D-48F3-A2E4-224F746E5D66]]></modeler:editor-resource-id>
      </extensionElements>
    </bpmn2:sequenceFlow>
    <bpmn2:scriptTask id="sid-007C7543-CD6A-4920-AAE4-4F8E3093BE40" name="Signature Link" scriptFormat="groovy" activiti:autoStoreVariables="false">
      <extensionElements>
        <modeler:editor-resource-id><![CDATA[sid-007C7543-CD6A-4920-AAE4-4F8E3093BE40]]></modeler:editor-resource-id>
      </extensionElements>
      <bpmn2:incoming>sid-AE2B8220-526D-48F3-A2E4-224F746E5D66</bpmn2:incoming>
      <bpmn2:outgoing>sid-2A8E1586-40DF-46B5-A19B-AC79B449B306</bpmn2:outgoing>
      <script><![CDATA[import groovy.json.JsonSlurper;
import com.activiti.domain.runtime.RelatedContent;
import java.util.HashMap;
import java.util.List;
import java.util.LinkedList;

println("signatureURL_response::::::::::::::::::::::::"+ execution.getVariable("signatureURL_response").toString())

def jsonstring =execution.getVariable("signatureURL_response").toString();
def jsonSlurper = new JsonSlurper()
def jsonObject = jsonSlurper.parseText(jsonstring)
println jsonObject.emailUrlMap["saikat.kumar@crestsolution.com"]
execution.setVariable("emailUrlMap", jsonObject.emailUrlMap["saikat.kumar@crestsolution.com"]);

println("emailUrlMap:::::::::::::::::::::::"+ execution.getVariable("emailUrlMap"));
]]></script>
    </bpmn2:scriptTask>
    <bpmn2:sequenceFlow id="sid-43FDFA9E-3042-4A37-8214-9DF295172D29" sourceRef="sid-55335C92-73D1-4EE0-BEA2-D4D87CF5FF8B" targetRef="sid-FC120291-EF05-4A64-9206-EBE80DBE1C65">
      <extensionElements>
        <modeler:editor-resource-id><![CDATA[sid-43FDFA9E-3042-4A37-8214-9DF295172D29]]></modeler:editor-resource-id>
      </extensionElements>
    </bpmn2:sequenceFlow>
    <bpmn2:sequenceFlow id="sid-2A8E1586-40DF-46B5-A19B-AC79B449B306" sourceRef="sid-007C7543-CD6A-4920-AAE4-4F8E3093BE40" targetRef="sid-3696E303-EB27-4803-A694-1ABE9C7A2C90">
      <extensionElements>
        <modeler:editor-resource-id><![CDATA[sid-2A8E1586-40DF-46B5-A19B-AC79B449B306]]></modeler:editor-resource-id>
      </extensionElements>
    </bpmn2:sequenceFlow>
    <bpmn2:sequenceFlow id="sid-36AC5A1C-B5B2-47F8-B555-B800A470BCDE" sourceRef="sid-BDFA9645-2B79-416E-87BE-1E0063098B23" targetRef="user_task_1">
      <extensionElements>
        <modeler:editor-resource-id><![CDATA[sid-36AC5A1C-B5B2-47F8-B555-B800A470BCDE]]></modeler:editor-resource-id>
      </extensionElements>
    </bpmn2:sequenceFlow>
    <bpmn2:serviceTask id="sid-BD5972F0-9E6A-4C02-B257-A32F76E82767" activiti:async="true" activiti:delegateExpression="${activiti_restCallDelegate}">
      <extensionElements>
        <activiti:field name="baseEndpoint">
          <activiti:string><![CDATA[5]]></activiti:string>
        </activiti:field>
        <activiti:field name="baseEndpointName">
          <activiti:string><![CDATA[ACS-OOTB-API]]></activiti:string>
        </activiti:field>
        <activiti:field name="restUrl">
          <activiti:string><![CDATA[/api/-default-/public/alfresco/versions/1/nodes/${docnodeRef}]]></activiti:string>
        </activiti:field>
        <activiti:field name="httpMethod">
          <activiti:string><![CDATA[PUT]]></activiti:string>
        </activiti:field>
        <activiti:field name="requestMappingJSONTemplate">
          <activiti:expression><![CDATA[{"properties":{"con:status":"Approved"}}]]></activiti:expression>
        </activiti:field>
        <modeler:editor-resource-id><![CDATA[sid-BD5972F0-9E6A-4C02-B257-A32F76E82767]]></modeler:editor-resource-id>
      </extensionElements>
      <bpmn2:incoming>sid-57058716-A4F1-4108-80EC-6956E9F56B72</bpmn2:incoming>
      <bpmn2:outgoing>sid-764DA9BE-357F-4921-8596-741CECB78556</bpmn2:outgoing>
    </bpmn2:serviceTask>
    <bpmn2:sequenceFlow id="sid-57058716-A4F1-4108-80EC-6956E9F56B72" sourceRef="sid-BD39E4FD-E7B6-4FCF-A829-5382052AF75A" targetRef="sid-BD5972F0-9E6A-4C02-B257-A32F76E82767">
      <extensionElements>
        <modeler:editor-resource-id><![CDATA[sid-57058716-A4F1-4108-80EC-6956E9F56B72]]></modeler:editor-resource-id>
      </extensionElements>
    </bpmn2:sequenceFlow>
    <bpmn2:serviceTask id="sid-EEDE4B65-2EB8-467D-BF94-1C891D318183" activiti:async="true" activiti:delegateExpression="${activiti_restCallDelegate}">
      <extensionElements>
        <activiti:field name="baseEndpoint">
          <activiti:string><![CDATA[5]]></activiti:string>
        </activiti:field>
        <activiti:field name="baseEndpointName">
          <activiti:string><![CDATA[ACS-OOTB-API]]></activiti:string>
        </activiti:field>
        <activiti:field name="restUrl">
          <activiti:string><![CDATA[/api/-default-/public/alfresco/versions/1/nodes/${docnodeRef}]]></activiti:string>
        </activiti:field>
        <activiti:field name="httpMethod">
          <activiti:string><![CDATA[PUT]]></activiti:string>
        </activiti:field>
        <activiti:field name="requestMappingJSONTemplate">
          <activiti:expression><![CDATA[{"properties":{"con:status":"in-review"}}]]></activiti:expression>
        </activiti:field>
        <modeler:editor-resource-id><![CDATA[sid-EEDE4B65-2EB8-467D-BF94-1C891D318183]]></modeler:editor-resource-id>
      </extensionElements>
      <bpmn2:incoming>sid-E7BD1BE6-4707-4C6F-BD56-738C6A438E8D</bpmn2:incoming>
      <bpmn2:outgoing>sid-09BF4CE1-6489-4082-B99F-7B4205D0E2DA</bpmn2:outgoing>
    </bpmn2:serviceTask>
    <bpmn2:sequenceFlow id="sid-09BF4CE1-6489-4082-B99F-7B4205D0E2DA" sourceRef="sid-EEDE4B65-2EB8-467D-BF94-1C891D318183" targetRef="user_task_1">
      <extensionElements>
        <modeler:editor-resource-id><![CDATA[sid-09BF4CE1-6489-4082-B99F-7B4205D0E2DA]]></modeler:editor-resource-id>
      </extensionElements>
    </bpmn2:sequenceFlow>
    <bpmn2:serviceTask id="sid-8E646C92-1E61-4415-879C-5DD9AFADC278" activiti:async="true" activiti:delegateExpression="${activiti_restCallDelegate}">
      <extensionElements>
        <activiti:field name="baseEndpoint">
          <activiti:string><![CDATA[5]]></activiti:string>
        </activiti:field>
        <activiti:field name="baseEndpointName">
          <activiti:string><![CDATA[ACS-OOTB-API]]></activiti:string>
        </activiti:field>
        <activiti:field name="restUrl">
          <activiti:string><![CDATA[/s/digiworks/updatedocstatus?nodeId=${docnodeRef}&status=In Review]]></activiti:string>
        </activiti:field>
        <activiti:field name="httpMethod">
          <activiti:string><![CDATA[GET]]></activiti:string>
        </activiti:field>
        <modeler:editor-resource-id><![CDATA[sid-8E646C92-1E61-4415-879C-5DD9AFADC278]]></modeler:editor-resource-id>
      </extensionElements>
      <bpmn2:incoming>sid-5A5820AD-BA63-491B-9A64-54094CE5CDE6</bpmn2:incoming>
      <bpmn2:outgoing>sid-E7BD1BE6-4707-4C6F-BD56-738C6A438E8D</bpmn2:outgoing>
    </bpmn2:serviceTask>
    <bpmn2:serviceTask id="sid-BD39E4FD-E7B6-4FCF-A829-5382052AF75A" activiti:async="true" activiti:delegateExpression="${activiti_restCallDelegate}">
      <extensionElements>
        <activiti:field name="baseEndpoint">
          <activiti:string><![CDATA[5]]></activiti:string>
        </activiti:field>
        <activiti:field name="baseEndpointName">
          <activiti:string><![CDATA[ACS-OOTB-API]]></activiti:string>
        </activiti:field>
        <activiti:field name="restUrl">
          <activiti:string><![CDATA[/s/digiworks/updatedocstatus?nodeId=${docnodeRef}&status=Approved]]></activiti:string>
        </activiti:field>
        <activiti:field name="httpMethod">
          <activiti:string><![CDATA[GET]]></activiti:string>
        </activiti:field>
        <modeler:editor-resource-id><![CDATA[sid-BD39E4FD-E7B6-4FCF-A829-5382052AF75A]]></modeler:editor-resource-id>
      </extensionElements>
      <bpmn2:incoming>sid-48155906-689F-4B72-8A15-C1B2961C7407</bpmn2:incoming>
      <bpmn2:outgoing>sid-57058716-A4F1-4108-80EC-6956E9F56B72</bpmn2:outgoing>
    </bpmn2:serviceTask>
    <bpmn2:endEvent id="sid-F75813CC-94F9-4512-B5EB-846869DB8E32">
      <extensionElements>
        <modeler:editor-resource-id><![CDATA[sid-F75813CC-94F9-4512-B5EB-846869DB8E32]]></modeler:editor-resource-id>
      </extensionElements>
      <bpmn2:incoming>sid-764DA9BE-357F-4921-8596-741CECB78556</bpmn2:incoming>
    </bpmn2:endEvent>
    <bpmn2:sequenceFlow id="sid-764DA9BE-357F-4921-8596-741CECB78556" sourceRef="sid-BD5972F0-9E6A-4C02-B257-A32F76E82767" targetRef="sid-F75813CC-94F9-4512-B5EB-846869DB8E32">
      <extensionElements>
        <modeler:editor-resource-id><![CDATA[sid-764DA9BE-357F-4921-8596-741CECB78556]]></modeler:editor-resource-id>
      </extensionElements>
    </bpmn2:sequenceFlow>
    <bpmn2:serviceTask id="sid-9B009690-89D6-4F57-8393-74A4F3C68187" name="supporting Documents" activiti:delegateExpression="${supportingDocuments}">
      <extensionElements>
        <modeler:editor-resource-id><![CDATA[sid-9B009690-89D6-4F57-8393-74A4F3C68187]]></modeler:editor-resource-id>
      </extensionElements>
      <bpmn2:incoming>sid-6DC673FB-0101-46B9-8C92-5C7A9C45C351</bpmn2:incoming>
      <bpmn2:outgoing>sid-6CB5B9AC-A6EA-4948-9016-E440E6C2EDC6</bpmn2:outgoing>
    </bpmn2:serviceTask>
    <bpmn2:sequenceFlow id="sid-6DC673FB-0101-46B9-8C92-5C7A9C45C351" sourceRef="sid-34702CD3-DE60-4C4A-BE21-D1A5C6C72BBA" targetRef="sid-9B009690-89D6-4F57-8393-74A4F3C68187">
      <extensionElements>
        <modeler:editor-resource-id><![CDATA[sid-6DC673FB-0101-46B9-8C92-5C7A9C45C351]]></modeler:editor-resource-id>
      </extensionElements>
    </bpmn2:sequenceFlow>
    <bpmn2:sequenceFlow id="sid-4AC7D1CE-0B2B-4353-9308-41B1497810E4" sourceRef="startEvent1" targetRef="sid-34702CD3-DE60-4C4A-BE21-D1A5C6C72BBA">
      <extensionElements>
        <modeler:editor-resource-id><![CDATA[sid-4AC7D1CE-0B2B-4353-9308-41B1497810E4]]></modeler:editor-resource-id>
      </extensionElements>
    </bpmn2:sequenceFlow>
    <bpmn2:scriptTask id="sid-7BECBAFE-5CCF-4505-8B3C-1E4932081C15" scriptFormat="groovy" activiti:autoStoreVariables="false">
      <extensionElements>
        <modeler:editor-resource-id><![CDATA[sid-7BECBAFE-5CCF-4505-8B3C-1E4932081C15]]></modeler:editor-resource-id>
      </extensionElements>
      <bpmn2:incoming>sid-6CB5B9AC-A6EA-4948-9016-E440E6C2EDC6</bpmn2:incoming>
      <bpmn2:outgoing>sid-5A5820AD-BA63-491B-9A64-54094CE5CDE6</bpmn2:outgoing>
      <script><![CDATA[println("contentIdListafterservicetask"+ execution.getVariable("contentIdList"));
execution.setVariable("contentIdListNew" , execution.getVariable("contentIdList"))]]></script>
    </bpmn2:scriptTask>
    <bpmn2:sequenceFlow id="sid-6CB5B9AC-A6EA-4948-9016-E440E6C2EDC6" sourceRef="sid-9B009690-89D6-4F57-8393-74A4F3C68187" targetRef="sid-7BECBAFE-5CCF-4505-8B3C-1E4932081C15">
      <extensionElements>
        <modeler:editor-resource-id><![CDATA[sid-6CB5B9AC-A6EA-4948-9016-E440E6C2EDC6]]></modeler:editor-resource-id>
      </extensionElements>
    </bpmn2:sequenceFlow>
    <bpmn2:sequenceFlow id="sid-E7BD1BE6-4707-4C6F-BD56-738C6A438E8D" sourceRef="sid-8E646C92-1E61-4415-879C-5DD9AFADC278" targetRef="sid-EEDE4B65-2EB8-467D-BF94-1C891D318183">
      <extensionElements>
        <modeler:editor-resource-id><![CDATA[sid-E7BD1BE6-4707-4C6F-BD56-738C6A438E8D]]></modeler:editor-resource-id>
      </extensionElements>
    </bpmn2:sequenceFlow>
    <bpmn2:sequenceFlow id="sid-5A5820AD-BA63-491B-9A64-54094CE5CDE6" sourceRef="sid-7BECBAFE-5CCF-4505-8B3C-1E4932081C15" targetRef="sid-8E646C92-1E61-4415-879C-5DD9AFADC278">
      <extensionElements>
        <modeler:editor-resource-id><![CDATA[sid-5A5820AD-BA63-491B-9A64-54094CE5CDE6]]></modeler:editor-resource-id>
      </extensionElements>
    </bpmn2:sequenceFlow>
    <bpmn2:sequenceFlow id="sid-46D234DA-1A20-45DF-AB73-5B36968CC387" sourceRef="user_task_1" targetRef="sid-F428A3CE-22A6-42E3-A812-B75FAD000E2C">
      <extensionElements>
        <modeler:editor-resource-id><![CDATA[sid-46D234DA-1A20-45DF-AB73-5B36968CC387]]></modeler:editor-resource-id>
      </extensionElements>
    </bpmn2:sequenceFlow>
    <bpmn2:sequenceFlow id="sid-1C9651BF-A584-44E5-BAC3-F84649D19021" sourceRef="sid-F428A3CE-22A6-42E3-A812-B75FAD000E2C" targetRef="sid-03B9221C-265A-40F7-8386-B788B4ED4D89">
      <extensionElements>
        <modeler:editor-resource-id><![CDATA[sid-1C9651BF-A584-44E5-BAC3-F84649D19021]]></modeler:editor-resource-id>
      </extensionElements>
    </bpmn2:sequenceFlow>
    <bpmn2:sequenceFlow id="sid-1E74F43B-2263-43B0-B1D4-2F5DEE36BC77" name="Reject" sourceRef="sid-F428A3CE-22A6-42E3-A812-B75FAD000E2C" targetRef="sid-BDFA9645-2B79-416E-87BE-1E0063098B23">
      <extensionElements>
        <modeler:conditionDefinition modeler:index="0" modeler:leftFormFieldId="taskstatus_LABEL" modeler:leftFormFieldType="dropdown" modeler:rightValue="Reject" modeler:operator="=="/>
        <modeler:editor-resource-id><![CDATA[sid-1E74F43B-2263-43B0-B1D4-2F5DEE36BC77]]></modeler:editor-resource-id>
      </extensionElements>
      <conditionExpression xsi:type="tFormalExpression"><![CDATA[${(activiti_flowConditionsBean.exists(execution, 'taskstatus_LABEL') && taskstatus_LABEL == 'Reject')}]]></conditionExpression>
    </bpmn2:sequenceFlow>
    <bpmn2:sequenceFlow id="sid-2390BC02-7385-4012-9581-F9B45450DD31" name="Reject" sourceRef="sid-8D686F2C-4E33-4D4D-AFEE-1EE3E320371F" targetRef="sid-BDFA9645-2B79-416E-87BE-1E0063098B23">
      <extensionElements>
        <modeler:conditionDefinition modeler:index="0" modeler:leftFormFieldId="taskstatus" modeler:leftFormFieldType="dropdown" modeler:rightValue="reject" modeler:operator="=="/>
        <modeler:editor-resource-id><![CDATA[sid-2390BC02-7385-4012-9581-F9B45450DD31]]></modeler:editor-resource-id>
      </extensionElements>
      <conditionExpression xsi:type="tFormalExpression"><![CDATA[${(activiti_flowConditionsBean.exists(execution, 'taskstatus') && taskstatus == 'reject')}]]></conditionExpression>
    </bpmn2:sequenceFlow>
    <bpmn2:sequenceFlow id="sid-1AD5EE24-CE1C-4BCE-9976-C4BA0A1628A0" name="Approve" sourceRef="sid-8D686F2C-4E33-4D4D-AFEE-1EE3E320371F" targetRef="sid-55335C92-73D1-4EE0-BEA2-D4D87CF5FF8B">
      <extensionElements>
        <modeler:editor-resource-id><![CDATA[sid-1AD5EE24-CE1C-4BCE-9976-C4BA0A1628A0]]></modeler:editor-resource-id>
      </extensionElements>
    </bpmn2:sequenceFlow>
  </bpmn2:process>
  <bpmndi:BPMNDiagram id="BPMNDiagram_Contract_Management">
    <bpmndi:BPMNPlane bpmnElement="Contract_Management" id="BPMNPlane_Contract_Management">
      <bpmndi:BPMNShape bpmnElement="startEvent1" id="BPMNShape_startEvent1">
        <omgdc:Bounds height="30.0" width="30.0" x="15.0" y="225.0"/>
      </bpmndi:BPMNShape>
      <bpmndi:BPMNShape bpmnElement="user_task_1" id="BPMNShape_user_task_1">
        <omgdc:Bounds height="80.0" width="100.0" x="514.9999859184031" y="137.99999383091946"/>
      </bpmndi:BPMNShape>
      <bpmndi:BPMNShape bpmnElement="sid-03B9221C-265A-40F7-8386-B788B4ED4D89" id="BPMNShape_sid-03B9221C-265A-40F7-8386-B788B4ED4D89">
        <omgdc:Bounds height="80.0" width="100.0" x="724.9999921768905" y="137.9999958872796"/>
      </bpmndi:BPMNShape>
      <bpmndi:BPMNShape bpmnElement="sid-F428A3CE-22A6-42E3-A812-B75FAD000E2C" id="BPMNShape_sid-F428A3CE-22A6-42E3-A812-B75FAD000E2C">
        <omgdc:Bounds height="40.0" width="40.0" x="754.999980926514" y="314.9999906122686"/>
      </bpmndi:BPMNShape>
      <bpmndi:BPMNShape bpmnElement="sid-BDFA9645-2B79-416E-87BE-1E0063098B23" id="BPMNShape_sid-BDFA9645-2B79-416E-87BE-1E0063098B23">
        <omgdc:Bounds height="80.0" width="100.0" x="352.221673678704" y="374.9999832361942"/>
      </bpmndi:BPMNShape>
      <bpmndi:BPMNShape bpmnElement="sid-8D686F2C-4E33-4D4D-AFEE-1EE3E320371F" id="BPMNShape_sid-8D686F2C-4E33-4D4D-AFEE-1EE3E320371F">
        <omgdc:Bounds height="40.0" width="40.0" x="904.9999894946815" y="157.99999558925637"/>
      </bpmndi:BPMNShape>
      <bpmndi:BPMNShape bpmnElement="sid-34702CD3-DE60-4C4A-BE21-D1A5C6C72BBA" id="BPMNShape_sid-34702CD3-DE60-4C4A-BE21-D1A5C6C72BBA">
        <omgdc:Bounds height="80.0" width="99.99999999999997" x="60.0" y="137.99999383091944"/>
      </bpmndi:BPMNShape>
      <bpmndi:BPMNShape bpmnElement="sid-3696E303-EB27-4803-A694-1ABE9C7A2C90" id="BPMNShape_sid-3696E303-EB27-4803-A694-1ABE9C7A2C90">
        <omgdc:Bounds height="85.9999999254942" width="100.0" x="1364.9999186396633" y="0.0"/>
      </bpmndi:BPMNShape>
      <bpmndi:BPMNShape bpmnElement="sid-55335C92-73D1-4EE0-BEA2-D4D87CF5FF8B" id="BPMNShape_sid-55335C92-73D1-4EE0-BEA2-D4D87CF5FF8B">
        <omgdc:Bounds height="80.0" width="100.0" x="1019.9999544024483" y="134.9999939650299"/>
      </bpmndi:BPMNShape>
      <bpmndi:BPMNShape bpmnElement="sid-FC120291-EF05-4A64-9206-EBE80DBE1C65" id="BPMNShape_sid-FC120291-EF05-4A64-9206-EBE80DBE1C65">
        <omgdc:Bounds height="80.0" width="100.0" x="1184.9999293684984" y="134.9999919533732"/>
      </bpmndi:BPMNShape>
      <bpmndi:BPMNShape bpmnElement="sid-007C7543-CD6A-4920-AAE4-4F8E3093BE40" id="BPMNShape_sid-007C7543-CD6A-4920-AAE4-4F8E3093BE40">
        <omgdc:Bounds height="80.0" width="100.0" x="1364.9998779594962" y="134.99999396502986"/>
      </bpmndi:BPMNShape>
      <bpmndi:BPMNShape bpmnElement="sid-BD5972F0-9E6A-4C02-B257-A32F76E82767" id="BPMNShape_sid-BD5972F0-9E6A-4C02-B257-A32F76E82767">
        <omgdc:Bounds height="80.0" width="102.99999994039536" x="1709.9999490380299" y="3.9999997317791025"/>
      </bpmndi:BPMNShape>
      <bpmndi:BPMNShape bpmnElement="sid-EEDE4B65-2EB8-467D-BF94-1C891D318183" id="BPMNShape_sid-EEDE4B65-2EB8-467D-BF94-1C891D318183">
        <omgdc:Bounds height="80.0" width="100.0" x="514.999969546996" y="30.30302952946532"/>
      </bpmndi:BPMNShape>
      <bpmndi:BPMNShape bpmnElement="sid-8E646C92-1E61-4415-879C-5DD9AFADC278" id="BPMNShape_sid-8E646C92-1E61-4415-879C-5DD9AFADC278">
        <omgdc:Bounds height="80.0" width="100.0" x="352.22167367870395" y="137.99999383091944"/>
      </bpmndi:BPMNShape>
      <bpmndi:BPMNShape bpmnElement="sid-BD39E4FD-E7B6-4FCF-A829-5382052AF75A" id="BPMNShape_sid-BD39E4FD-E7B6-4FCF-A829-5382052AF75A">
        <omgdc:Bounds height="80.0" width="100.0" x="1514.999977424741" y="3.999999672174468"/>
      </bpmndi:BPMNShape>
      <bpmndi:BPMNShape bpmnElement="sid-F75813CC-94F9-4512-B5EB-846869DB8E32" id="BPMNShape_sid-F75813CC-94F9-4512-B5EB-846869DB8E32">
        <omgdc:Bounds height="28.0" width="28.0" x="1857.9999489784252" y="29.9999997317791"/>
      </bpmndi:BPMNShape>
      <bpmndi:BPMNShape bpmnElement="sid-9B009690-89D6-4F57-8393-74A4F3C68187" id="BPMNShape_sid-9B009690-89D6-4F57-8393-74A4F3C68187">
        <omgdc:Bounds height="80.0" width="100.0" x="211.0" y="137.9999958872796"/>
      </bpmndi:BPMNShape>
      <bpmndi:BPMNShape bpmnElement="sid-7BECBAFE-5CCF-4505-8B3C-1E4932081C15" id="BPMNShape_sid-7BECBAFE-5CCF-4505-8B3C-1E4932081C15">
        <omgdc:Bounds height="80.0" width="100.0" x="211.0" y="15.0"/>
      </bpmndi:BPMNShape>
      <bpmndi:BPMNEdge bpmnElement="sid-2A8E1586-40DF-46B5-A19B-AC79B449B306" id="BPMNEdge_sid-2A8E1586-40DF-46B5-A19B-AC79B449B306">
        <omgdi:waypoint x="1414.9998902868201" y="134.99999396502986"/>
        <omgdi:waypoint x="1414.99990538779" y="85.9999999254942"/>
      </bpmndi:BPMNEdge>
      <bpmndi:BPMNEdge bpmnElement="sid-48155906-689F-4B72-8A15-C1B2961C7407" id="BPMNEdge_sid-48155906-689F-4B72-8A15-C1B2961C7407">
        <omgdi:waypoint x="1464.9999186396633" y="43.33333306858947"/>
        <omgdi:waypoint x="1514.999977424741" y="43.6666665663321"/>
      </bpmndi:BPMNEdge>
      <bpmndi:BPMNEdge bpmnElement="sid-1AD5EE24-CE1C-4BCE-9976-C4BA0A1628A0" id="BPMNEdge_sid-1AD5EE24-CE1C-4BCE-9976-C4BA0A1628A0">
        <omgdi:waypoint x="944.5945837781095" y="177.5945898726844"/>
        <omgdi:waypoint x="1019.9999544024483" y="176.03447753408963"/>
      </bpmndi:BPMNEdge>
      <bpmndi:BPMNEdge bpmnElement="sid-1E74F43B-2263-43B0-B1D4-2F5DEE36BC77" id="BPMNEdge_sid-1E74F43B-2263-43B0-B1D4-2F5DEE36BC77">
        <omgdi:waypoint x="774.999980926514" y="354.9999906122687"/>
        <omgdi:waypoint x="774.9999809265139" y="378.999999332428"/>
        <omgdi:waypoint x="452.221673678704" y="410.1713782444565"/>
      </bpmndi:BPMNEdge>
      <bpmndi:BPMNEdge bpmnElement="sid-57058716-A4F1-4108-80EC-6956E9F56B72" id="BPMNEdge_sid-57058716-A4F1-4108-80EC-6956E9F56B72">
        <omgdi:waypoint x="1614.999977424741" y="43.999999687341045"/>
        <omgdi:waypoint x="1709.9999490380299" y="43.99999971615753"/>
      </bpmndi:BPMNEdge>
      <bpmndi:BPMNEdge bpmnElement="sid-6DC673FB-0101-46B9-8C92-5C7A9C45C351" id="BPMNEdge_sid-6DC673FB-0101-46B9-8C92-5C7A9C45C351">
        <omgdi:waypoint x="159.99999999999997" y="177.9999945118334"/>
        <omgdi:waypoint x="211.0" y="177.99999520636564"/>
      </bpmndi:BPMNEdge>
      <bpmndi:BPMNEdge bpmnElement="sid-43FDFA9E-3042-4A37-8214-9DF295172D29" id="BPMNEdge_sid-43FDFA9E-3042-4A37-8214-9DF295172D29">
        <omgdi:waypoint x="1119.9999544024483" y="174.99999335543686"/>
        <omgdi:waypoint x="1184.9999293684984" y="174.99999256296624"/>
      </bpmndi:BPMNEdge>
      <bpmndi:BPMNEdge bpmnElement="sid-5A5820AD-BA63-491B-9A64-54094CE5CDE6" id="BPMNEdge_sid-5A5820AD-BA63-491B-9A64-54094CE5CDE6">
        <omgdi:waypoint x="311.0" y="55.0"/>
        <omgdi:waypoint x="326.5993340487092" y="55.0"/>
        <omgdi:waypoint x="326.5993340487092" y="177.99999383091944"/>
        <omgdi:waypoint x="352.22167367870395" y="177.99999383091944"/>
      </bpmndi:BPMNEdge>
      <bpmndi:BPMNEdge bpmnElement="sid-36AC5A1C-B5B2-47F8-B555-B800A470BCDE" id="BPMNEdge_sid-36AC5A1C-B5B2-47F8-B555-B800A470BCDE">
        <omgdi:waypoint x="402.221673678704" y="374.9999832361942"/>
        <omgdi:waypoint x="402.221673678704" y="332.24999882280827"/>
        <omgdi:waypoint x="522.788431436247" y="217.99999383091946"/>
      </bpmndi:BPMNEdge>
      <bpmndi:BPMNEdge bpmnElement="sid-AE2B8220-526D-48F3-A2E4-224F746E5D66" id="BPMNEdge_sid-AE2B8220-526D-48F3-A2E4-224F746E5D66">
        <omgdi:waypoint x="1284.9999293684984" y="174.9999925121669"/>
        <omgdi:waypoint x="1364.9998779594962" y="174.99999340623617"/>
      </bpmndi:BPMNEdge>
      <bpmndi:BPMNEdge bpmnElement="sid-E7BD1BE6-4707-4C6F-BD56-738C6A438E8D" id="BPMNEdge_sid-E7BD1BE6-4707-4C6F-BD56-738C6A438E8D">
        <omgdi:waypoint x="402.22167367870395" y="137.99999383091944"/>
        <omgdi:waypoint x="402.22167367870395" y="70.30302952946532"/>
        <omgdi:waypoint x="514.999969546996" y="70.30302952946532"/>
      </bpmndi:BPMNEdge>
      <bpmndi:BPMNEdge bpmnElement="sid-09BF4CE1-6489-4082-B99F-7B4205D0E2DA" id="BPMNEdge_sid-09BF4CE1-6489-4082-B99F-7B4205D0E2DA">
        <omgdi:waypoint x="564.9999756275414" y="110.30302952946532"/>
        <omgdi:waypoint x="564.9999798378577" y="137.99999383091946"/>
      </bpmndi:BPMNEdge>
      <bpmndi:BPMNEdge bpmnElement="sid-4AC7D1CE-0B2B-4353-9308-41B1497810E4" id="BPMNEdge_sid-4AC7D1CE-0B2B-4353-9308-41B1497810E4">
        <omgdi:waypoint x="29.999999999999996" y="225.0"/>
        <omgdi:waypoint x="30.0" y="177.99999383091944"/>
        <omgdi:waypoint x="60.0" y="177.99999383091944"/>
      </bpmndi:BPMNEdge>
      <bpmndi:BPMNEdge bpmnElement="sid-6CB5B9AC-A6EA-4948-9016-E440E6C2EDC6" id="BPMNEdge_sid-6CB5B9AC-A6EA-4948-9016-E440E6C2EDC6">
        <omgdi:waypoint x="261.0" y="137.9999958872796"/>
        <omgdi:waypoint x="261.0" y="95.0"/>
      </bpmndi:BPMNEdge>
      <bpmndi:BPMNEdge bpmnElement="sid-46D234DA-1A20-45DF-AB73-5B36968CC387" id="BPMNEdge_sid-46D234DA-1A20-45DF-AB73-5B36968CC387">
        <omgdi:waypoint x="614.9999859184031" y="177.99999383091944"/>
        <omgdi:waypoint x="667.0033523765661" y="177.99999383091944"/>
        <omgdi:waypoint x="667.0033523765661" y="334.9999906122686"/>
        <omgdi:waypoint x="754.999980926514" y="334.9999906122686"/>
      </bpmndi:BPMNEdge>
      <bpmndi:BPMNEdge bpmnElement="sid-2390BC02-7385-4012-9581-F9B45450DD31" id="BPMNEdge_sid-2390BC02-7385-4012-9581-F9B45450DD31">
        <omgdi:waypoint x="925.0420947600294" y="197.95789032390846"/>
        <omgdi:waypoint x="925.4999894946815" y="414.9999832361942"/>
        <omgdi:waypoint x="452.221673678704" y="414.9999832361942"/>
      </bpmndi:BPMNEdge>
      <bpmndi:BPMNEdge bpmnElement="sid-764DA9BE-357F-4921-8596-741CECB78556" id="BPMNEdge_sid-764DA9BE-357F-4921-8596-741CECB78556">
        <omgdi:waypoint x="1812.9999489784252" y="43.999999731779106"/>
        <omgdi:waypoint x="1857.9999489784252" y="43.9999997317791"/>
      </bpmndi:BPMNEdge>
      <bpmndi:BPMNEdge bpmnElement="sid-875184B5-404C-4249-919C-1DA4BF379937" id="BPMNEdge_sid-875184B5-404C-4249-919C-1DA4BF379937">
        <omgdi:waypoint x="824.9999921768905" y="177.99999578793853"/>
        <omgdi:waypoint x="904.9999895344179" y="177.9999956289928"/>
      </bpmndi:BPMNEdge>
      <bpmndi:BPMNEdge bpmnElement="sid-1C9651BF-A584-44E5-BAC3-F84649D19021" id="BPMNEdge_sid-1C9651BF-A584-44E5-BAC3-F84649D19021">
        <omgdi:waypoint x="774.9999823596829" y="314.9999920454375"/>
        <omgdi:waypoint x="774.9999893105525" y="217.9999958872796"/>
      </bpmndi:BPMNEdge>
    </bpmndi:BPMNPlane>
  </bpmndi:BPMNDiagram>
</bpmn2:definitions>