{"referenceId":null,"name":"AGS-Assignee-Form-Subprocess","description":"AGS-Assignee-Form-Subprocess","editorJson":{"tabs":[],"fields":[{"fieldType":"ContainerRepresentation","id":"1648041016267","name":"Label","type":"container","value":null,"required":false,"readOnly":false,"overrideId":false,"colspan":1,"placeholder":null,"minLength":0,"maxLength":0,"minValue":null,"maxValue":null,"regexPattern":null,"optionType":null,"hasEmptyValue":null,"options":null,"restUrl":null,"restResponsePath":null,"restIdProperty":null,"restLabelProperty":null,"tab":null,"className":null,"dateDisplayFormat":null,"layout":null,"sizeX":2,"sizeY":1,"row":-1,"col":-1,"visibilityCondition":null,"numberOfColumns":1,"fields":{"1":[{"fieldType":"FormFieldRepresentation","id":"subjectmatter_label","name":"Subject Matter","type":"readonly","value":null,"required":false,"readOnly":false,"overrideId":true,"colspan":1,"placeholder":null,"minLength":0,"maxLength":0,"minValue":null,"maxValue":null,"regexPattern":null,"optionType":null,"hasEmptyValue":null,"options":null,"restUrl":null,"restResponsePath":null,"restIdProperty":null,"restLabelProperty":null,"tab":null,"className":null,"params":{"existingColspan":1,"maxColspan":1,"field":{"id":"subjectmatter","name":"subjectmatter","type":"string","responseVariable":true}},"dateDisplayFormat":null,"layout":{"row":-1,"column":-1,"colspan":1},"sizeX":1,"sizeY":1,"row":-1,"col":-1,"visibilityCondition":null}]}},{"fieldType":"ContainerRepresentation","id":"1657693146261","name":"Label","type":"container","value":null,"required":false,"readOnly":false,"overrideId":false,"colspan":1,"placeholder":null,"minLength":0,"maxLength":0,"minValue":null,"maxValue":null,"regexPattern":null,"optionType":null,"hasEmptyValue":null,"options":null,"restUrl":null,"restResponsePath":null,"restIdProperty":null,"restLabelProperty":null,"tab":null,"className":null,"dateDisplayFormat":null,"layout":null,"sizeX":2,"sizeY":1,"row":-1,"col":-1,"visibilityCondition":null,"numberOfColumns":2,"fields":{"1":[{"fieldType":"FormFieldRepresentation","id":"currentuserid","name":"Current User Id","type":"text","value":null,"required":false,"readOnly":false,"overrideId":true,"colspan":1,"placeholder":null,"minLength":0,"maxLength":0,"minValue":null,"maxValue":null,"regexPattern":null,"optionType":null,"hasEmptyValue":null,"options":null,"restUrl":null,"restResponsePath":null,"restIdProperty":null,"restLabelProperty":null,"tab":null,"className":null,"params":{"existingColspan":1,"maxColspan":2},"dateDisplayFormat":null,"layout":{"row":-1,"column":-1,"colspan":1},"sizeX":1,"sizeY":1,"row":-1,"col":-1,"visibilityCondition":null}],"2":[{"fieldType":"FormFieldRepresentation","id":"submitOrAssign","name":"submitOrAssign","type":"readonly","value":null,"required":false,"readOnly":false,"overrideId":true,"colspan":1,"placeholder":null,"minLength":0,"maxLength":0,"minValue":null,"maxValue":null,"regexPattern":null,"optionType":null,"hasEmptyValue":null,"options":null,"restUrl":null,"restResponsePath":null,"restIdProperty":null,"restLabelProperty":null,"tab":null,"className":null,"params":{"existingColspan":1,"maxColspan":1,"field":{"id":"submitOrAssign","name":"submitOrAssign","type":"string","responseVariable":true}},"dateDisplayFormat":null,"layout":{"row":-1,"column":-1,"colspan":1},"sizeX":1,"sizeY":1,"row":-1,"col":-1,"visibilityCondition":{"leftFormFieldId":"priority","leftRestResponseId":null,"operator":"==","rightValue":"-1","rightType":null,"rightFormFieldId":"","rightRestResponseId":"","leftRestResponseType":null,"nextConditionOperator":null,"nextCondition":null}}]}},{"fieldType":"ContainerRepresentation","id":"1653132048959","name":"Label","type":"container","value":null,"required":false,"readOnly":false,"overrideId":false,"colspan":1,"placeholder":null,"minLength":0,"maxLength":0,"minValue":null,"maxValue":null,"regexPattern":null,"optionType":null,"hasEmptyValue":null,"options":null,"restUrl":null,"restResponsePath":null,"restIdProperty":null,"restLabelProperty":null,"tab":null,"className":null,"dateDisplayFormat":null,"layout":null,"sizeX":2,"sizeY":1,"row":-1,"col":-1,"visibilityCondition":null,"numberOfColumns":2,"fields":{"1":[{"fieldType":"FormFieldRepresentation","id":"urlmap","name":"emailurlmap","type":"readonly","value":null,"required":false,"readOnly":false,"overrideId":true,"colspan":1,"placeholder":null,"minLength":0,"maxLength":0,"minValue":null,"maxValue":null,"regexPattern":null,"optionType":null,"hasEmptyValue":null,"options":null,"restUrl":null,"restResponsePath":null,"restIdProperty":null,"restLabelProperty":null,"tab":null,"className":null,"params":{"existingColspan":1,"maxColspan":2,"field":{"id":"emailurlmap","name":"emailurlmap","type":"text"}},"dateDisplayFormat":null,"layout":{"row":-1,"column":-1,"colspan":1},"sizeX":1,"sizeY":1,"row":-1,"col":-1,"visibilityCondition":{"leftFormFieldId":"priority","leftRestResponseId":null,"operator":"==","rightValue":"-1","rightType":null,"rightFormFieldId":"","rightRestResponseId":"","leftRestResponseType":null,"nextConditionOperator":"","nextCondition":null}}],"2":[{"fieldType":"FormFieldRepresentation","id":"processinstanceid","name":"processInstanceId","type":"readonly","value":null,"required":false,"readOnly":false,"overrideId":false,"colspan":1,"placeholder":null,"minLength":0,"maxLength":0,"minValue":null,"maxValue":null,"regexPattern":null,"optionType":null,"hasEmptyValue":null,"options":null,"restUrl":null,"restResponsePath":null,"restIdProperty":null,"restLabelProperty":null,"tab":null,"className":null,"params":{"existingColspan":1,"maxColspan":1,"field":{"id":"processInstanceId","name":"processInstanceId","type":"string","responseVariable":true}},"dateDisplayFormat":null,"layout":{"row":-1,"column":-1,"colspan":1},"sizeX":1,"sizeY":1,"row":-1,"col":-1,"visibilityCondition":{"leftFormFieldId":"priority","leftRestResponseId":null,"operator":"==","rightValue":"-1","rightType":null,"rightFormFieldId":"","rightRestResponseId":"","leftRestResponseType":null,"nextConditionOperator":"","nextCondition":null}}]}},{"fieldType":"ContainerRepresentation","id":"1648186202749","name":"Label","type":"container","value":null,"required":false,"readOnly":false,"overrideId":false,"colspan":1,"placeholder":null,"minLength":0,"maxLength":0,"minValue":null,"maxValue":null,"regexPattern":null,"optionType":null,"hasEmptyValue":null,"options":null,"restUrl":null,"restResponsePath":null,"restIdProperty":null,"restLabelProperty":null,"tab":null,"className":null,"dateDisplayFormat":null,"layout":null,"sizeX":2,"sizeY":1,"row":-1,"col":-1,"visibilityCondition":null,"numberOfColumns":2,"fields":{"1":[{"fieldType":"FormFieldRepresentation","id":"priority_label","name":"Priority","type":"readonly","value":null,"required":false,"readOnly":false,"overrideId":true,"colspan":1,"placeholder":null,"minLength":0,"maxLength":0,"minValue":null,"maxValue":null,"regexPattern":null,"optionType":null,"hasEmptyValue":null,"options":null,"restUrl":null,"restResponsePath":null,"restIdProperty":null,"restLabelProperty":null,"tab":null,"className":null,"params":{"existingColspan":1,"maxColspan":2,"field":{"id":"priority","name":"priority","type":"string","responseVariable":true}},"dateDisplayFormat":null,"layout":{"row":-1,"column":-1,"colspan":1},"sizeX":1,"sizeY":1,"row":-1,"col":-1,"visibilityCondition":null}],"2":[{"fieldType":"FormFieldRepresentation","id":"duedate_label","name":"Due Date","type":"readonly","value":null,"required":false,"readOnly":false,"overrideId":true,"colspan":1,"placeholder":null,"minLength":0,"maxLength":0,"minValue":null,"maxValue":null,"regexPattern":null,"optionType":null,"hasEmptyValue":null,"options":null,"restUrl":null,"restResponsePath":null,"restIdProperty":null,"restLabelProperty":null,"tab":null,"className":null,"params":{"existingColspan":1,"maxColspan":1,"field":{"id":"due_date","name":"due_date","type":"string","responseVariable":true}},"dateDisplayFormat":null,"layout":{"row":-1,"column":-1,"colspan":1},"sizeX":1,"sizeY":1,"row":-1,"col":-1,"visibilityCondition":null}]}},{"fieldType":"ContainerRepresentation","id":"1647413509148","name":"Label","type":"container","value":null,"required":false,"readOnly":false,"overrideId":false,"colspan":1,"placeholder":null,"minLength":0,"maxLength":0,"minValue":null,"maxValue":null,"regexPattern":null,"optionType":null,"hasEmptyValue":null,"options":null,"restUrl":null,"restResponsePath":null,"restIdProperty":null,"restLabelProperty":null,"tab":null,"className":null,"dateDisplayFormat":null,"layout":null,"sizeX":2,"sizeY":1,"row":-1,"col":-1,"visibilityCondition":null,"numberOfColumns":2,"fields":{"1":[{"fieldType":"FormFieldRepresentation","id":"purposemap_id","name":"purposemap","type":"readonly","value":null,"required":false,"readOnly":false,"overrideId":true,"colspan":1,"placeholder":null,"minLength":0,"maxLength":0,"minValue":null,"maxValue":null,"regexPattern":null,"optionType":null,"hasEmptyValue":null,"options":null,"restUrl":null,"restResponsePath":null,"restIdProperty":null,"restLabelProperty":null,"tab":null,"className":null,"params":{"existingColspan":1,"maxColspan":2,"field":{"id":"purposemap","name":"purposemap","type":"string","responseVariable":true}},"dateDisplayFormat":null,"layout":{"row":-1,"column":-1,"colspan":1},"sizeX":1,"sizeY":1,"row":-1,"col":-1,"visibilityCondition":{"leftFormFieldId":"priority","leftRestResponseId":"","operator":"==","rightValue":"-1","rightType":null,"rightFormFieldId":"","rightRestResponseId":"","leftRestResponseType":null,"nextConditionOperator":"","nextCondition":null}}],"2":[{"fieldType":"FormFieldRepresentation","id":"remarksmap_id","name":"remarksmap","type":"readonly","value":null,"required":false,"readOnly":false,"overrideId":true,"colspan":1,"placeholder":null,"minLength":0,"maxLength":0,"minValue":null,"maxValue":null,"regexPattern":null,"optionType":null,"hasEmptyValue":null,"options":null,"restUrl":null,"restResponsePath":null,"restIdProperty":null,"restLabelProperty":null,"tab":null,"className":null,"params":{"existingColspan":1,"maxColspan":1,"field":{"id":"remarksmap","name":"remarksmap","type":"string","responseVariable":true}},"dateDisplayFormat":null,"layout":{"row":-1,"column":-1,"colspan":1},"sizeX":1,"sizeY":1,"row":-1,"col":-1,"visibilityCondition":{"leftFormFieldId":"priority","leftRestResponseId":null,"operator":"==","rightValue":"-1","rightType":null,"rightFormFieldId":"","rightRestResponseId":"","leftRestResponseType":null,"nextConditionOperator":"","nextCondition":null}}]}},{"fieldType":"ContainerRepresentation","id":"1651017359764","name":"Label","type":"container","value":null,"required":false,"readOnly":false,"overrideId":false,"colspan":1,"placeholder":null,"minLength":0,"maxLength":0,"minValue":null,"maxValue":null,"regexPattern":null,"optionType":null,"hasEmptyValue":null,"options":null,"restUrl":null,"restResponsePath":null,"restIdProperty":null,"restLabelProperty":null,"tab":null,"className":null,"dateDisplayFormat":null,"layout":null,"sizeX":2,"sizeY":1,"row":-1,"col":-1,"visibilityCondition":null,"numberOfColumns":2,"fields":{"1":[{"fieldType":"FormFieldRepresentation","id":"purpose","name":"Purpose","type":"readonly","value":null,"required":false,"readOnly":false,"overrideId":true,"colspan":1,"placeholder":null,"minLength":0,"maxLength":0,"minValue":null,"maxValue":null,"regexPattern":null,"optionType":null,"hasEmptyValue":null,"options":null,"restUrl":null,"restResponsePath":null,"restIdProperty":null,"restLabelProperty":null,"tab":null,"className":null,"params":{"existingColspan":1,"maxColspan":2,"field":{"id":"purpose","name":"purpose","type":"string","responseVariable":true}},"dateDisplayFormat":null,"layout":{"row":-1,"column":-1,"colspan":1},"sizeX":1,"sizeY":1,"row":-1,"col":-1,"visibilityCondition":{"leftFormFieldId":"priority","leftRestResponseId":null,"operator":"==","rightValue":"-1","rightType":null,"rightFormFieldId":"","rightRestResponseId":"","leftRestResponseType":null,"nextConditionOperator":"","nextCondition":null}}],"2":[{"fieldType":"FormFieldRepresentation","id":"label2","name":"Remarks","type":"readonly","value":null,"required":false,"readOnly":false,"overrideId":true,"colspan":1,"placeholder":null,"minLength":0,"maxLength":0,"minValue":null,"maxValue":null,"regexPattern":null,"optionType":null,"hasEmptyValue":null,"options":null,"restUrl":null,"restResponsePath":null,"restIdProperty":null,"restLabelProperty":null,"tab":null,"className":null,"params":{"existingColspan":1,"maxColspan":1,"field":{"id":"remarks","name":"remarks","type":"string","responseVariable":true}},"dateDisplayFormat":null,"layout":{"row":-1,"column":-1,"colspan":1},"sizeX":1,"sizeY":1,"row":-1,"col":-1,"visibilityCondition":{"leftFormFieldId":"priority","leftRestResponseId":null,"operator":"==","rightValue":"-1","rightType":null,"rightFormFieldId":"","rightRestResponseId":"","leftRestResponseType":null,"nextConditionOperator":"","nextCondition":null}}]}},{"fieldType":"ContainerRepresentation","id":"1647236167375","name":"Label","type":"container","value":null,"required":false,"readOnly":false,"overrideId":false,"colspan":1,"placeholder":null,"minLength":0,"maxLength":0,"minValue":null,"maxValue":null,"regexPattern":null,"optionType":null,"hasEmptyValue":null,"options":null,"restUrl":null,"restResponsePath":null,"restIdProperty":null,"restLabelProperty":null,"tab":null,"className":null,"dateDisplayFormat":null,"layout":null,"sizeX":2,"sizeY":1,"row":-1,"col":-1,"visibilityCondition":null,"numberOfColumns":2,"fields":{"1":[{"fieldType":"FormFieldRepresentation","id":"purpose_lp","name":"Purpose","type":"readonly","value":null,"required":false,"readOnly":false,"overrideId":true,"colspan":1,"placeholder":null,"minLength":0,"maxLength":0,"minValue":null,"maxValue":null,"regexPattern":null,"optionType":null,"hasEmptyValue":null,"options":null,"restUrl":null,"restResponsePath":null,"restIdProperty":null,"restLabelProperty":null,"tab":null,"className":null,"params":{"existingColspan":1,"maxColspan":2},"dateDisplayFormat":null,"layout":{"row":-1,"column":-1,"colspan":1},"sizeX":1,"sizeY":1,"row":-1,"col":-1,"visibilityCondition":null}],"2":[{"fieldType":"FormFieldRepresentation","id":"remarks_lp","name":"Remarks","type":"readonly","value":null,"required":false,"readOnly":false,"overrideId":true,"colspan":1,"placeholder":null,"minLength":0,"maxLength":0,"minValue":null,"maxValue":null,"regexPattern":null,"optionType":null,"hasEmptyValue":null,"options":null,"restUrl":null,"restResponsePath":null,"restIdProperty":null,"restLabelProperty":null,"tab":null,"className":null,"params":{"existingColspan":1,"maxColspan":1},"dateDisplayFormat":null,"layout":{"row":-1,"column":-1,"colspan":1},"sizeX":1,"sizeY":1,"row":-1,"col":-1,"visibilityCondition":null}]}},{"fieldType":"ContainerRepresentation","id":"1652264763970","name":"Label","type":"container","value":null,"required":false,"readOnly":false,"overrideId":false,"colspan":1,"placeholder":null,"minLength":0,"maxLength":0,"minValue":null,"maxValue":null,"regexPattern":null,"optionType":null,"hasEmptyValue":null,"options":null,"restUrl":null,"restResponsePath":null,"restIdProperty":null,"restLabelProperty":null,"tab":null,"className":null,"dateDisplayFormat":null,"layout":null,"sizeX":2,"sizeY":1,"row":-1,"col":-1,"visibilityCondition":null,"numberOfColumns":2,"fields":{"1":[{"fieldType":"FormFieldRepresentation","id":"purposetext","name":"Purpose Text","type":"text","value":null,"required":false,"readOnly":false,"overrideId":false,"colspan":1,"placeholder":null,"minLength":0,"maxLength":0,"minValue":null,"maxValue":null,"regexPattern":null,"optionType":null,"hasEmptyValue":null,"options":null,"restUrl":null,"restResponsePath":null,"restIdProperty":null,"restLabelProperty":null,"tab":null,"className":null,"params":{"existingColspan":1,"maxColspan":2},"dateDisplayFormat":null,"layout":{"row":-1,"column":-1,"colspan":1},"sizeX":1,"sizeY":1,"row":-1,"col":-1,"visibilityCondition":null}],"2":[{"fieldType":"FormFieldRepresentation","id":"issubprocess","name":"issubprocess","type":"readonly","value":null,"required":false,"readOnly":false,"overrideId":false,"colspan":1,"placeholder":null,"minLength":0,"maxLength":0,"minValue":null,"maxValue":null,"regexPattern":null,"optionType":null,"hasEmptyValue":null,"options":null,"restUrl":null,"restResponsePath":null,"restIdProperty":null,"restLabelProperty":null,"tab":null,"className":null,"params":{"existingColspan":1,"maxColspan":1,"field":{"id":"issubprocess","name":"issubprocess","type":"boolean","responseVariable":true}},"dateDisplayFormat":null,"layout":{"row":-1,"column":-1,"colspan":1},"sizeX":1,"sizeY":1,"row":-1,"col":-1,"visibilityCondition":null}]}},{"fieldType":"ContainerRepresentation","id":"1648186216481","name":"Label","type":"container","value":null,"required":false,"readOnly":false,"overrideId":false,"colspan":1,"placeholder":null,"minLength":0,"maxLength":0,"minValue":null,"maxValue":null,"regexPattern":null,"optionType":null,"hasEmptyValue":null,"options":null,"restUrl":null,"restResponsePath":null,"restIdProperty":null,"restLabelProperty":null,"tab":null,"className":null,"dateDisplayFormat":null,"layout":null,"sizeX":2,"sizeY":1,"row":-1,"col":-1,"visibilityCondition":null,"numberOfColumns":2,"fields":{"1":[{"fieldType":"FormFieldRepresentation","id":"attachdocuments","name":"Attach Documents","type":"readonly","value":null,"required":false,"readOnly":false,"overrideId":true,"colspan":1,"placeholder":null,"minLength":0,"maxLength":0,"minValue":null,"maxValue":null,"regexPattern":null,"optionType":null,"hasEmptyValue":null,"options":null,"restUrl":null,"restResponsePath":null,"restIdProperty":null,"restLabelProperty":null,"tab":null,"className":null,"params":{"existingColspan":1,"maxColspan":2,"field":{"id":"attachdocuments","name":"Attach Documents","type":"upload"}},"dateDisplayFormat":null,"layout":{"row":-1,"column":-1,"colspan":1},"sizeX":1,"sizeY":1,"row":-1,"col":-1,"visibilityCondition":null},{"fieldType":"AttachFileFieldRepresentation","id":"attachmoredocuments","name":"Attach More Documents","type":"upload","value":null,"required":false,"readOnly":false,"overrideId":false,"colspan":1,"placeholder":null,"minLength":0,"maxLength":0,"minValue":null,"maxValue":null,"regexPattern":null,"optionType":null,"hasEmptyValue":null,"options":null,"restUrl":null,"restResponsePath":null,"restIdProperty":null,"restLabelProperty":null,"tab":null,"className":null,"params":{"existingColspan":1,"maxColspan":2,"fileSource":{"serviceId":"alfresco-1-AGC-ACS","name":"AGC-ACS","metaDataAllowed":true},"multiple":true},"dateDisplayFormat":null,"layout":{"row":-1,"column":-1,"colspan":1},"sizeX":1,"sizeY":1,"row":-1,"col":-1,"visibilityCondition":null,"metaDataColumnDefinitions":null}],"2":[{"fieldType":"FormFieldRepresentation","id":"user","name":"user","type":"readonly","value":null,"required":false,"readOnly":false,"overrideId":false,"colspan":1,"placeholder":null,"minLength":0,"maxLength":0,"minValue":null,"maxValue":null,"regexPattern":null,"optionType":null,"hasEmptyValue":null,"options":null,"restUrl":null,"restResponsePath":null,"restIdProperty":null,"restLabelProperty":null,"tab":null,"className":null,"params":{"existingColspan":1,"maxColspan":1,"field":{"id":"user","name":"user","type":"string","responseVariable":true}},"dateDisplayFormat":null,"layout":{"row":-1,"column":-1,"colspan":1},"sizeX":1,"sizeY":1,"row":-1,"col":-1,"visibilityCondition":{"leftFormFieldId":"priority","leftRestResponseId":null,"operator":"==","rightValue":"-1","rightType":null,"rightFormFieldId":"","rightRestResponseId":"","leftRestResponseType":null,"nextConditionOperator":"","nextCondition":null}},{"fieldType":"FormFieldRepresentation","id":"userIdInt","name":"assignmentId","type":"readonly","value":null,"required":false,"readOnly":false,"overrideId":true,"colspan":1,"placeholder":null,"minLength":0,"maxLength":0,"minValue":null,"maxValue":null,"regexPattern":null,"optionType":null,"hasEmptyValue":null,"options":null,"restUrl":null,"restResponsePath":null,"restIdProperty":null,"restLabelProperty":null,"tab":null,"className":null,"params":{"existingColspan":1,"maxColspan":1,"field":{"id":"assignmentId","name":"assignmentId","type":"integer","responseVariable":true}},"dateDisplayFormat":null,"layout":{"row":-1,"column":-1,"colspan":1},"sizeX":1,"sizeY":1,"row":-1,"col":-1,"visibilityCondition":null}]}},{"fieldType":"ContainerRepresentation","id":"1649391007558","name":"Label","type":"container","value":null,"required":false,"readOnly":false,"overrideId":false,"colspan":1,"placeholder":null,"minLength":0,"maxLength":0,"minValue":null,"maxValue":null,"regexPattern":null,"optionType":null,"hasEmptyValue":null,"options":null,"restUrl":null,"restResponsePath":null,"restIdProperty":null,"restLabelProperty":null,"tab":null,"className":null,"dateDisplayFormat":null,"layout":null,"sizeX":2,"sizeY":1,"row":-1,"col":-1,"visibilityCondition":null,"numberOfColumns":2,"fields":{"1":[{"fieldType":"HyperlinkRepresentation","id":"signdocument","name":"Sign Document","type":"hyperlink","value":null,"required":false,"readOnly":false,"overrideId":false,"colspan":1,"placeholder":null,"minLength":0,"maxLength":0,"minValue":null,"maxValue":null,"regexPattern":null,"optionType":null,"hasEmptyValue":null,"options":null,"restUrl":null,"restResponsePath":null,"restIdProperty":null,"restLabelProperty":null,"tab":null,"className":null,"params":{"existingColspan":1,"maxColspan":2,"field":{}},"dateDisplayFormat":null,"layout":{"row":-1,"column":-1,"colspan":1},"sizeX":1,"sizeY":1,"row":-1,"col":-1,"visibilityCondition":{"leftFormFieldId":"purposetext","leftRestResponseId":"","operator":"==","rightValue":"For Signature","rightType":null,"rightFormFieldId":"","rightRestResponseId":"","leftRestResponseType":"string","nextConditionOperator":"","nextCondition":null},"hyperlinkUrl":"${emailurlmap}","displayText":"SignURL"}],"2":[{"fieldType":"FormFieldRepresentation","id":"processinstancesmap","name":"processInstancesMap","type":"readonly","value":null,"required":false,"readOnly":false,"overrideId":false,"colspan":1,"placeholder":null,"minLength":0,"maxLength":0,"minValue":null,"maxValue":null,"regexPattern":null,"optionType":null,"hasEmptyValue":null,"options":null,"restUrl":null,"restResponsePath":null,"restIdProperty":null,"restLabelProperty":null,"tab":null,"className":null,"params":{"existingColspan":1,"maxColspan":1,"field":{"id":"processInstancesMap","name":"processInstancesMap","type":"string","responseVariable":true}},"dateDisplayFormat":null,"layout":{"row":-1,"column":-1,"colspan":1},"sizeX":1,"sizeY":1,"row":-1,"col":-1,"visibilityCondition":null}]}},{"fieldType":"ContainerRepresentation","id":"1651206819475","name":"Label","type":"container","value":null,"required":false,"readOnly":false,"overrideId":false,"colspan":1,"placeholder":null,"minLength":0,"maxLength":0,"minValue":null,"maxValue":null,"regexPattern":null,"optionType":null,"hasEmptyValue":null,"options":null,"restUrl":null,"restResponsePath":null,"restIdProperty":null,"restLabelProperty":null,"tab":null,"className":null,"dateDisplayFormat":null,"layout":null,"sizeX":2,"sizeY":1,"row":-1,"col":-1,"visibilityCondition":null,"numberOfColumns":2,"fields":{"1":[{"fieldType":"RestFieldRepresentation","id":"taskstatus","name":"Task Status","type":"dropdown","value":"In Progress","required":true,"readOnly":false,"overrideId":false,"colspan":1,"placeholder":null,"minLength":0,"maxLength":0,"minValue":null,"maxValue":null,"regexPattern":null,"optionType":null,"hasEmptyValue":true,"options":[{"id":"empty","name":"Choose one..."},{"id":"inProgress","name":"In Progress"},{"id":"onHold","name":"On Hold"},{"id":"approve","name":"Approve"},{"id":"reject","name":"Reject"},{"id":"acknowledge","name":"Acknowledge"},{"id":"assign","name":"Assign"},{"id":"submit","name":"Submit"},{"id":"notyetstarted","name":"Not Yet Started"},{"id":"reassign","name":"Re-assign"},{"id":"resubmit","name":"Resubmit"},{"id":"forcirculation","name":"For Circulation"}],"restUrl":null,"restResponsePath":null,"restIdProperty":null,"restLabelProperty":null,"tab":null,"className":null,"params":{"existingColspan":1,"maxColspan":2},"dateDisplayFormat":null,"layout":{"row":-1,"column":-1,"colspan":1},"sizeX":1,"sizeY":1,"row":-1,"col":-1,"visibilityCondition":null,"endpoint":null,"requestHeaders":null}],"2":[{"fieldType":"FormFieldRepresentation","id":"attachref","name":"attachRef","type":"readonly","value":null,"required":false,"readOnly":false,"overrideId":false,"colspan":1,"placeholder":null,"minLength":0,"maxLength":0,"minValue":null,"maxValue":null,"regexPattern":null,"optionType":null,"hasEmptyValue":null,"options":null,"restUrl":null,"restResponsePath":null,"restIdProperty":null,"restLabelProperty":null,"tab":null,"className":null,"params":{"existingColspan":1,"maxColspan":1,"field":{"id":"attachRef","name":"attachRef","type":"text"}},"dateDisplayFormat":null,"layout":{"row":-1,"column":-1,"colspan":1},"sizeX":1,"sizeY":1,"row":-1,"col":-1,"visibilityCondition":{"leftFormFieldId":"priority","leftRestResponseId":null,"operator":"==","rightValue":"-1","rightType":null,"rightFormFieldId":"","rightRestResponseId":"","leftRestResponseType":null,"nextConditionOperator":"","nextCondition":null}},{"fieldType":"FormFieldRepresentation","id":"ts","name":"taskStageInt","type":"readonly","value":null,"required":false,"readOnly":false,"overrideId":true,"colspan":1,"placeholder":null,"minLength":0,"maxLength":0,"minValue":null,"maxValue":null,"regexPattern":null,"optionType":null,"hasEmptyValue":null,"options":null,"restUrl":null,"restResponsePath":null,"restIdProperty":null,"restLabelProperty":null,"tab":null,"className":null,"params":{"existingColspan":1,"maxColspan":1,"field":{"id":"taskStageInt","name":"taskStageInt","type":"integer","responseVariable":true}},"dateDisplayFormat":null,"layout":{"row":-1,"column":-1,"colspan":1},"sizeX":1,"sizeY":1,"row":-1,"col":-1,"visibilityCondition":null}]}},{"fieldType":"ContainerRepresentation","id":"1652265158862","name":"Label","type":"container","value":null,"required":false,"readOnly":false,"overrideId":false,"colspan":1,"placeholder":null,"minLength":0,"maxLength":0,"minValue":null,"maxValue":null,"regexPattern":null,"optionType":null,"hasEmptyValue":null,"options":null,"restUrl":null,"restResponsePath":null,"restIdProperty":null,"restLabelProperty":null,"tab":null,"className":null,"dateDisplayFormat":null,"layout":null,"sizeX":2,"sizeY":1,"row":-1,"col":-1,"visibilityCondition":null,"numberOfColumns":2,"fields":{"1":[{"fieldType":"FormFieldRepresentation","id":"signeddocument","name":"Signed Document?","type":"boolean","value":null,"required":false,"readOnly":false,"overrideId":false,"colspan":1,"placeholder":null,"minLength":0,"maxLength":0,"minValue":null,"maxValue":null,"regexPattern":null,"optionType":null,"hasEmptyValue":null,"options":null,"restUrl":null,"restResponsePath":null,"restIdProperty":null,"restLabelProperty":null,"tab":null,"className":null,"params":{"existingColspan":1,"maxColspan":2},"dateDisplayFormat":null,"layout":{"row":-1,"column":-1,"colspan":1},"sizeX":1,"sizeY":1,"row":-1,"col":-1,"visibilityCondition":{"leftFormFieldId":"purposetext","leftRestResponseId":null,"operator":"==","rightValue":"For Signature","rightType":null,"rightFormFieldId":"","rightRestResponseId":"","leftRestResponseType":null,"nextConditionOperator":null,"nextCondition":null}},{"fieldType":"FormFieldRepresentation","id":"userTaskStatus","name":"userTaskStatus","type":"text","value":null,"required":false,"readOnly":false,"overrideId":true,"colspan":1,"placeholder":null,"minLength":0,"maxLength":0,"minValue":null,"maxValue":null,"regexPattern":null,"optionType":null,"hasEmptyValue":null,"options":null,"restUrl":null,"restResponsePath":null,"restIdProperty":null,"restLabelProperty":null,"tab":null,"className":null,"params":{"existingColspan":1,"maxColspan":2},"dateDisplayFormat":null,"layout":{"row":-1,"column":-1,"colspan":1},"sizeX":1,"sizeY":1,"row":-1,"col":-1,"visibilityCondition":{"leftFormFieldId":"priority","leftRestResponseId":null,"operator":"==","rightValue":"-1","rightType":null,"rightFormFieldId":"","rightRestResponseId":"","leftRestResponseType":null,"nextConditionOperator":null,"nextCondition":null}}],"2":[{"fieldType":"RestFieldRepresentation","id":"usergrouptoprintdocument","name":"Choose User/Group to print document","type":"dropdown","value":"Choose one...","required":true,"readOnly":false,"overrideId":true,"colspan":1,"placeholder":null,"minLength":0,"maxLength":0,"minValue":null,"maxValue":null,"regexPattern":null,"optionType":"rest","hasEmptyValue":true,"options":[{"id":"empty","name":"Choose one..."}],"restUrl":"api/enterprise/fetchUsersandGroups","restResponsePath":"data","restIdProperty":"id","restLabelProperty":"name","tab":null,"className":null,"params":{"existingColspan":1,"maxColspan":1},"dateDisplayFormat":null,"layout":{"row":-1,"column":-1,"colspan":1},"sizeX":1,"sizeY":1,"row":-1,"col":-1,"visibilityCondition":{"leftFormFieldId":"signeddocument","leftRestResponseId":null,"operator":"==","rightValue":"true","rightType":null,"rightFormFieldId":"","rightRestResponseId":"","leftRestResponseType":null,"nextConditionOperator":null,"nextCondition":null},"endpoint":{"id":4,"tenantId":1,"name":"APS","protocol":"HTTP","host":"192.168.50.234","port":"9090","path":"/activiti-app","basicAuthId":2,"basicAuthName":"APS","requestHeaders":null},"requestHeaders":null},{"fieldType":"FormFieldRepresentation","id":"userOrGroupPrintDocument","name":"userOrGroupPrintDocument","type":"text","value":null,"required":false,"readOnly":false,"overrideId":true,"colspan":1,"placeholder":null,"minLength":0,"maxLength":0,"minValue":null,"maxValue":null,"regexPattern":null,"optionType":null,"hasEmptyValue":null,"options":null,"restUrl":null,"restResponsePath":null,"restIdProperty":null,"restLabelProperty":null,"tab":null,"className":null,"params":{"existingColspan":1,"maxColspan":1},"dateDisplayFormat":null,"layout":{"row":-1,"column":-1,"colspan":1},"sizeX":1,"sizeY":1,"row":-1,"col":-1,"visibilityCondition":{"leftFormFieldId":"priority","leftRestResponseId":null,"operator":"==","rightValue":"-1","rightType":null,"rightFormFieldId":"","rightRestResponseId":"","leftRestResponseType":null,"nextConditionOperator":null,"nextCondition":null}},{"fieldType":"FormFieldRepresentation","id":"userorgroupid","name":"userorgroupid","type":"text","value":null,"required":false,"readOnly":false,"overrideId":true,"colspan":1,"placeholder":null,"minLength":0,"maxLength":0,"minValue":null,"maxValue":null,"regexPattern":null,"optionType":null,"hasEmptyValue":null,"options":null,"restUrl":null,"restResponsePath":null,"restIdProperty":null,"restLabelProperty":null,"tab":null,"className":null,"params":{"existingColspan":1,"maxColspan":1},"dateDisplayFormat":null,"layout":{"row":-1,"column":-1,"colspan":1},"sizeX":1,"sizeY":1,"row":-1,"col":-1,"visibilityCondition":{"leftFormFieldId":"priority","leftRestResponseId":null,"operator":"==","rightValue":"-123","rightType":null,"rightFormFieldId":"","rightRestResponseId":"","leftRestResponseType":null,"nextConditionOperator":null,"nextCondition":null}}]}},{"fieldType":"ContainerRepresentation","id":"1654503455944","name":"Label","type":"container","value":null,"required":false,"readOnly":false,"overrideId":false,"colspan":1,"placeholder":null,"minLength":0,"maxLength":0,"minValue":null,"maxValue":null,"regexPattern":null,"optionType":null,"hasEmptyValue":null,"options":null,"restUrl":null,"restResponsePath":null,"restIdProperty":null,"restLabelProperty":null,"tab":null,"className":null,"dateDisplayFormat":null,"layout":null,"sizeX":2,"sizeY":1,"row":-1,"col":-1,"visibilityCondition":null,"numberOfColumns":2,"fields":{"1":[{"fieldType":"FormFieldRepresentation","id":"delegatetask","name":"Delegate Task","type":"boolean","value":null,"required":false,"readOnly":false,"overrideId":false,"colspan":1,"placeholder":null,"minLength":0,"maxLength":0,"minValue":null,"maxValue":null,"regexPattern":null,"optionType":null,"hasEmptyValue":null,"options":null,"restUrl":null,"restResponsePath":null,"restIdProperty":null,"restLabelProperty":null,"tab":null,"className":null,"params":{"existingColspan":1,"maxColspan":2},"dateDisplayFormat":null,"layout":{"row":-1,"column":-1,"colspan":1},"sizeX":1,"sizeY":1,"row":-1,"col":-1,"visibilityCondition":{"leftFormFieldId":"purposetext","leftRestResponseId":null,"operator":"!=","rightValue":"For Signature","rightType":null,"rightFormFieldId":"","rightRestResponseId":"","leftRestResponseType":null,"nextConditionOperator":null,"nextCondition":null}}],"2":[]}},{"fieldType":"DynamicTableRepresentation","id":"assignto_dynamic_table","name":"Assign to","type":"dynamic-table","value":null,"required":false,"readOnly":false,"overrideId":true,"colspan":1,"placeholder":null,"minLength":0,"maxLength":0,"minValue":null,"maxValue":null,"regexPattern":null,"optionType":null,"hasEmptyValue":null,"options":null,"restUrl":null,"restResponsePath":null,"restIdProperty":null,"restLabelProperty":null,"tab":null,"className":null,"params":{"existingColspan":1,"maxColspan":1},"dateDisplayFormat":null,"layout":{"row":-1,"column":-1,"colspan":2},"sizeX":2,"sizeY":2,"row":-1,"col":-1,"visibilityCondition":{"leftFormFieldId":"delegatetask","leftRestResponseId":null,"operator":"==","rightValue":"true","rightType":null,"rightFormFieldId":"","rightRestResponseId":"","leftRestResponseType":null,"nextConditionOperator":"","nextCondition":null},"columnDefinitions":[{"id":"taskStage","name":"Task Stage","type":"String","value":null,"optionType":null,"options":null,"restResponsePath":null,"restUrl":null,"restIdProperty":null,"restLabelProperty":null,"amountCurrency":null,"fractionLength":null,"enablePeriodSeparator":false,"amountEnableFractions":false,"required":true,"editable":true,"sortable":false,"visible":true,"endpoint":null,"requestHeaders":null},{"id":"assign_to","name":"Assign to","type":"Dropdown","value":null,"optionType":"rest","options":[{"id":null,"name":"api/enterprise/users"}],"restResponsePath":"data","restUrl":"api/enterprise/fetchUsersandGroups","restIdProperty":"id","restLabelProperty":"name","amountCurrency":null,"fractionLength":null,"enablePeriodSeparator":false,"amountEnableFractions":false,"required":true,"editable":true,"sortable":true,"visible":true,"endpoint":{"id":4,"tenantId":1,"name":"APS","protocol":"HTTP","host":"192.168.50.234","port":"8080","path":"/activiti-app","basicAuthId":2,"basicAuthName":"APS","requestHeaders":null},"requestHeaders":null},{"id":"email","name":"Email","type":"String","value":"For information","optionType":null,"options":[{"id":null,"name":"For Information"},{"id":null,"name":"For Action"},{"id":null,"name":"For Signature"}],"restResponsePath":null,"restUrl":null,"restIdProperty":null,"restLabelProperty":null,"amountCurrency":null,"fractionLength":null,"enablePeriodSeparator":false,"amountEnableFractions":false,"required":false,"editable":true,"sortable":true,"visible":true,"endpoint":null,"requestHeaders":null},{"id":"purpose","name":"Purpose","type":"Dropdown","value":"For Information","optionType":null,"options":[{"id":null,"name":"For Information"},{"id":null,"name":"For Action"},{"id":null,"name":"For Signature"}],"restResponsePath":null,"restUrl":null,"restIdProperty":null,"restLabelProperty":null,"amountCurrency":null,"fractionLength":null,"enablePeriodSeparator":false,"amountEnableFractions":false,"required":true,"editable":true,"sortable":true,"visible":true,"endpoint":null,"requestHeaders":null},{"id":"remarks","name":"Remarks","type":"String","value":null,"optionType":null,"options":null,"restResponsePath":null,"restUrl":null,"restIdProperty":null,"restLabelProperty":null,"amountCurrency":null,"fractionLength":null,"enablePeriodSeparator":false,"amountEnableFractions":false,"required":true,"editable":true,"sortable":true,"visible":true,"endpoint":null,"requestHeaders":null},{"id":"action_date","name":"Date","type":"Date","value":null,"optionType":null,"options":null,"restResponsePath":null,"restUrl":null,"restIdProperty":null,"restLabelProperty":null,"amountCurrency":null,"fractionLength":null,"enablePeriodSeparator":false,"amountEnableFractions":false,"required":false,"editable":true,"sortable":true,"visible":true,"endpoint":null,"requestHeaders":null},{"id":"pageIndex","name":"Page Index","type":"Number","value":null,"optionType":null,"options":null,"restResponsePath":null,"restUrl":null,"restIdProperty":null,"restLabelProperty":null,"amountCurrency":null,"fractionLength":null,"enablePeriodSeparator":false,"amountEnableFractions":false,"required":false,"editable":true,"sortable":false,"visible":true,"endpoint":null,"requestHeaders":null},{"id":"top","name":"Top","type":"Number","value":null,"optionType":null,"options":null,"restResponsePath":null,"restUrl":null,"restIdProperty":null,"restLabelProperty":null,"amountCurrency":null,"fractionLength":null,"enablePeriodSeparator":false,"amountEnableFractions":false,"required":false,"editable":true,"sortable":true,"visible":true,"endpoint":null,"requestHeaders":null},{"id":"left","name":"Left","type":"Number","value":null,"optionType":null,"options":null,"restResponsePath":null,"restUrl":null,"restIdProperty":null,"restLabelProperty":null,"amountCurrency":null,"fractionLength":null,"enablePeriodSeparator":false,"amountEnableFractions":false,"required":false,"editable":true,"sortable":true,"visible":true,"endpoint":null,"requestHeaders":null},{"id":"sendforreview","name":"Send for review","type":"Boolean","value":null,"optionType":null,"options":null,"restResponsePath":null,"restUrl":null,"restIdProperty":null,"restLabelProperty":null,"amountCurrency":null,"fractionLength":null,"enablePeriodSeparator":false,"amountEnableFractions":false,"required":false,"editable":true,"sortable":false,"visible":true,"endpoint":null,"requestHeaders":null}]},{"fieldType":"ContainerRepresentation","id":"1662005666452","name":"Label","type":"container","value":null,"required":false,"readOnly":false,"overrideId":false,"colspan":1,"placeholder":null,"minLength":0,"maxLength":0,"minValue":null,"maxValue":null,"regexPattern":null,"optionType":null,"hasEmptyValue":null,"options":null,"restUrl":null,"restResponsePath":null,"restIdProperty":null,"restLabelProperty":null,"tab":null,"className":null,"dateDisplayFormat":null,"layout":null,"sizeX":2,"sizeY":1,"row":-1,"col":-1,"visibilityCondition":null,"numberOfColumns":2,"fields":{"1":[{"fieldType":"FormFieldRepresentation","id":"attachRefValue","name":"attachRefValue","type":"text","value":null,"required":false,"readOnly":false,"overrideId":true,"colspan":1,"placeholder":null,"minLength":0,"maxLength":0,"minValue":null,"maxValue":null,"regexPattern":null,"optionType":null,"hasEmptyValue":null,"options":null,"restUrl":null,"restResponsePath":null,"restIdProperty":null,"restLabelProperty":null,"tab":null,"className":null,"params":{"existingColspan":1,"maxColspan":2},"dateDisplayFormat":null,"layout":{"row":-1,"column":-1,"colspan":1},"sizeX":1,"sizeY":1,"row":-1,"col":-1,"visibilityCondition":null}],"2":[{"fieldType":"FormFieldRepresentation","id":"emailUrlMapSubProcess","name":"emailUrlMapSubProcess","type":"text","value":null,"required":false,"readOnly":false,"overrideId":true,"colspan":1,"placeholder":null,"minLength":0,"maxLength":0,"minValue":null,"maxValue":null,"regexPattern":null,"optionType":null,"hasEmptyValue":null,"options":null,"restUrl":null,"restResponsePath":null,"restIdProperty":null,"restLabelProperty":null,"tab":null,"className":null,"params":{"existingColspan":1,"maxColspan":1},"dateDisplayFormat":null,"layout":{"row":-1,"column":-1,"colspan":1},"sizeX":1,"sizeY":1,"row":-1,"col":-1,"visibilityCondition":null}]}}],"outcomes":[],"javascriptEvents":[{"event":"formRendered","javascriptLogic":"console.log(\"on render...\");\nvar currentUser = scope.$root.account;  \nscope.findFormFieldWithId(scope.allFormFields,\"currentuserid\").value=currentUser.id;\nvar taskStatus = scope.findFormFieldWithId(scope.allFormFields,\"taskstatus\").value;\nscope.findFormFieldWithId(scope.allFormFields,\"delegatetask\").isVisible = false;\nvar taskStatusInt = scope.findFormFieldWithId(scope.allFormFields,\"ts\").value;\n\n/*\nlet attachmentsArray = [];\nvar attachments = scope.findFormFieldWithId(scope.allFormFields,\"attachdocuments\").value;\nif(attachments.length>0){\n    for(var a=0; a<attachments.length; a++){\n        if(attachments[a]!==null){\n            if(attachments[a].createdBy.email===currentUser.email){\n                attachmentsArray.push(attachments[a]);\n            }\n        }\n    }\n}\n\n\nif(attachmentsArray!==null){\n    if(attachmentsArray.length>0){\n        attachmentsArray = attachmentsArray.filter((value, index, self) =>\n          index === self.findIndex((t) => (\n            t.sourceId === value.sourceId)))\n    }\n} \nscope.findFormFieldWithId(scope.allFormFields,\"attachdocuments\").value = attachmentsArray;\n*/\n\nvar signdocument = scope.findFormFieldWithId(scope.allFormFields,\"signdocument\").value;\nvar issubprocess = scope.findFormFieldWithId(scope.allFormFields,\"issubprocess\").value;\nvar signCheck = scope.findFormFieldWithId(scope.allFormFields,\"signeddocument\");\nsignCheck.isVisible = false;\nvar table = scope.findFormFieldWithId(scope.allFormFields,\"assignto_dynamic_table\").value;\n\nvar userIdInt = scope.findFormFieldWithId(scope.allFormFields,\"userIdInt\").value + \"_\" + taskStatusInt +  \"_\" + scope.findFormFieldWithId(scope.allFormFields,\"processinstanceid\").value;\nvar user = scope.findFormFieldWithId(scope.allFormFields,\"user\").value[0];\nvar currentUser = scope.$root.account;\nvar externalID = currentUser.id.toString();\nvar statusValue = scope.findFormFieldWithId(scope.allFormFields,\"taskstatus\").value;\n    if(statusValue.id === \"inProgress\" \n    || statusValue.id === \"onHold\"){\n        scope.model.completeButtonDisabled = true;\n    }\n\nconsole.log(\"externalID:   \"+ externalID);\nvar remarksmap_str = scope.findFormFieldWithId(scope.allFormFields,\"remarksmap_id\").value;\nvar purposemap_str = scope.findFormFieldWithId(scope.allFormFields,\"purposemap_id\").value;\n\nconsole.log(\"externalID:   \"+ typeof externalID);\nvar remarksmap = new Map(Object.entries(remarksmap_str));\nvar purposemap = new Map(Object.entries(purposemap_str));\n\nconsole.log(\"remarksmap1:   \"+ remarksmap);\nconsole.log(\"purposemap1:   \"+ purposemap);\n\n\nconsole.log(\"remarksmap:   \"+ remarksmap.get(externalID));\nconsole.log(\"purposemap:   \"+ purposemap.get(externalID));\n\n\nscope.findFormFieldWithId(scope.allFormFields,\"remarks_lp\").value=remarksmap.get(userIdInt);\nscope.findFormFieldWithId(scope.allFormFields,\"purpose_lp\").value=purposemap.get(userIdInt);\nscope.findFormFieldWithId(scope.allFormFields,\"purposetext\").value=purposemap.get(userIdInt);\nvar userEmail = currentUser.email.toString();\nscope.findFormFieldWithId(scope.allFormFields,\"signdocument\").displayText = \"SignUrl\";\n\nif(purposemap.get(userIdInt)!==\"For Signature\"){\n    scope.findFormFieldWithId(scope.allFormFields,\"signdocument\").isVisible = false;\n}\n\n/*\nif(purposemap.get(userIdInt)!==\"For Signature\" && taskStatus.id!==\"reject\"){\n    scope.findFormFieldWithId(scope.allFormFields,\"delegatetask\").isVisible = true;\n}\nelse{\n    scope.findFormFieldWithId(scope.allFormFields,\"delegatetask\").isVisible = true;\n}   */\n\n\n/*\nif(scope.findFormFieldWithId(scope.allFormFields,\"purpose_lp\").value===\"For Signature\"){\n    scope.findFormFieldWithId(scope.allFormFields,\"signeddocument\").isVisible=true;\n}\nelse{\n    scope.findFormFieldWithId(scope.allFormFields,\"signeddocument\").isVisible=false;\n}\n\n*/\n\n\nvar urlMapStr = scope.findFormFieldWithId(scope.allFormFields,\"urlmap\").value;\nvar urlMap = new Map(Object.entries(urlMapStr));\nconsole.log(\"urlMap type:   \"+ typeof urlMap);\nconsole.log(\"url:::\" + urlMap.get(currentUser.email.toString()));\n//scope.findFormFieldWithId(scope.allFormFields,\"signdocument\").value = urlMap.get(userEmail.toLowerCase());\nscope.findFormFieldWithId(scope.allFormFields,\"signdocument\").value = urlMap.get(userEmail.toLowerCase() + \"|\" + scope.findFormFieldWithId(scope.allFormFields,\"processinstanceid\").value);\n\n\n\n\n"},{"event":"formBeforeComplete","javascriptLogic":"console.log(\"before complete...\");\n\nvar table = scope.findFormFieldWithId(scope.allFormFields,\"assignto_dynamic_table\");\nif(table!==null){\n    var pageIndex = table.pageIndex;\n    var rowArray = table.value\n    for(var i=0; i<rowArray.length; i++){\n        var eachRow = rowArray[i];\n        var signSet = {};\n        signSet.pageIndex = eachRow.pageIndex;\n        signSet.top = eachRow.top;\n        signSet.left = eachRow.left;\n        var signSetJson = JSON.stringify(signSet);\n        eachRow.signsets = [signSet];\n    }\n}\n\n\n\n/*\nvar userdetailsvalue = scope.findFormFieldWithId(scope.allFormFields,\"assignto_uf_dynamic_table\");\n\nvar parsedvalue = JSON.parse(JSON.stringify(userdetailsvalue.value));\n\nconsole.log(\"prioritylabel:    \" +scope.findFormFieldWithId(scope.allFormFields,\"priority_label\").value);\nscope.findFormFieldWithId(scope.allFormFields,\"assignto_uf_hidden_dt\").visibilityCondition.rightValue = scope.findFormFieldWithId(scope.allFormFields,\"priority_label\").value;\n\nvar assignto_uf_hidden_dt_value = scope.findFormFieldWithId(scope.allFormFields,\"assignto_uf_hidden_dt\");\n\nconsole.log(JSON.stringify(assignto_uf_hidden_dt_value));\n\nfor(var i =0; i < parsedvalue.length; i++){\nassignto_uf_hidden_dt_value.value.push({\n    assign_to_2 : parsedvalue[i].assign_to_2,\n    purpose_2 : parsedvalue[i].purpose_2,\n    remarks_2 : parsedvalue[i].remarks_2,\n    assign_date_2 : parsedvalue[i].assign_date_2\n});\n\n}\nconsole.log(\"end of the js:            \"+JSON.stringify(assignto_uf_hidden_dt_value));\n*/\nscope.evaluateAllItemVisibilityConditions();\n"},{"event":"formFieldValueChanged","javascriptLogic":"console.log(\"on field value changed...\");\nvar userIdInt = scope.findFormFieldWithId(scope.allFormFields,\"userIdInt\").value + \"_\" + scope.findFormFieldWithId(scope.allFormFields,\"processinstanceid\").value;\nvar signCheck = scope.findFormFieldWithId(scope.allFormFields,\"signeddocument\");\nvar taskStatus = scope.findFormFieldWithId(scope.allFormFields,\"taskstatus\").value;\n/*\nscope.evaluateAllItemVisibilityConditions();\nif(scope.findFormFieldWithId(scope.allFormFields,\"purpose_lp\").value===\"For Signature\"){\n    scope.findFormFieldWithId(scope.allFormFields,\"signeddocument\").isVisible=true;\n}\nelse{\n    scope.findFormFieldWithId(scope.allFormFields,\"signeddocument\").isVisible=false;\n}\n*/\nvar signdocument = scope.findFormFieldWithId(scope.allFormFields,\"signdocument\").value;\nvar issubprocess = scope.findFormFieldWithId(scope.allFormFields,\"issubprocess\").value;\nvar delegateTask = scope.findFormFieldWithId(scope.allFormFields,\"delegatetask\").value;\nvar purposemap_str = scope.findFormFieldWithId(scope.allFormFields,\"purposemap_id\").value;\nvar purposemap = new Map(Object.entries(purposemap_str));\n\nif(field.id === \"taskstatus\") {\n    if((field.value.id === \"inProgress\" \n    || field.value.id === \"onHold\")){\n        if(delegateTask){\n            scope.model.completeButtonDisabled = false;\n        }else{\n            scope.model.completeButtonDisabled = true;\n        }\n    }\n    else if(field.value.id === \"reject\"){\n            scope.model.completeButtonDisabled = false;\n            signCheck.isVisible = false;\n    }\n    else{\n        if(purposemap.get(userIdInt)===\"For Signature\"){\n            signCheck.isVisible = true;\n /*           if(issubprocess){\n                scope.model.completeButtonDisabled = false;\n            }else{  */\n                if(signCheck.value){\n                    scope.model.completeButtonDisabled = false;\n                }else{\n                    scope.model.completeButtonDisabled = true;\n                }\n //           }\n         }       \n         else{\n            scope.model.completeButtonDisabled = false;\n            signCheck.isVisible = false;\n         }\n    }\n    \n    if(purposemap.get(userIdInt)!==\"For Signature\"){\n        scope.findFormFieldWithId(scope.allFormFields,\"signdocument\").isVisible = false;\n//        scope.findFormFieldWithId(scope.allFormFields,\"delegatetask\").isVisible = true;\n    }\n    else{\n        scope.findFormFieldWithId(scope.allFormFields,\"signdocument\").isVisible = true;\n//        scope.findFormFieldWithId(scope.allFormFields,\"delegatetask\").isVisible = false;\n    }\n    \n\n}\n\n\nif(field.id === \"signeddocument\") {\n    if(field.value){\n        if(taskStatus.id===\"approve\"){\n            scope.model.completeButtonDisabled = false;\n        }\n        else{\n            if(delegateTask){\n                scope.model.completeButtonDisabled = false;\n            }\n            else{\n                scope.model.completeButtonDisabled = true;\n            }\n        }\n    }\n    else{\n        if(taskStatus === \"reject\"){\n                scope.model.completeButtonDisabled = false;\n        }\n        else{\n            if(purposemap.get(userIdInt)===\"For Signature\"){\n/*                if(issubprocess){\n                    scope.model.completeButtonDisabled = false;\n                }else{  */\n                    if(signCheck.value){\n                        scope.model.completeButtonDisabled = false;\n                    }else{\n                        scope.model.completeButtonDisabled = true;\n                    }\n//                }\n             }       \n             else{\n                scope.model.completeButtonDisabled = false;\n             }\n        }\n    }\n}\n\n\nif(field.id === \"delegatetask\") {\n    var table = scope.findFormFieldWithId(scope.allFormFields,\"assignto_dynamic_table\");\n    if(field.value){\n        scope.model.completeButtonDisabled = false;\n    }\n    else{\n        if(purposemap.get(userIdInt)===\"For Signature\"){\n /*           if(issubprocess){\n                scope.model.completeButtonDisabled = false;\n            }else{   */\n                if(taskStatus.id===\"approve\"){\n                    if(signCheck.value){\n                        scope.model.completeButtonDisabled = false;\n                    }else{\n                        scope.model.completeButtonDisabled = true;\n                    }\n                }\n                else if(taskStatus.id===\"reject\"){\n                    scope.model.completeButtonDisabled = false;\n                }\n                else{\n                    scope.model.completeButtonDisabled = true;\n                }\n//            }\n         }         \n    }\n/*    if(table!==null){\n        var pageIndex = table.pageIndex;\n        var rowArray = table.value;\n        console.log(Object.getOwnPropertyNames(table));\n        table.value = null;\n    } */\n}\n\n"},{"event":"formFieldContentUploaded","javascriptLogic":"console.log(\"on upload...\");\n\nlet upload = scope.model.uploads[field.id][0];\n\n\n//if(upload && upload.simpleType === \"pdf\") {\nif(upload) {\n    let nodeRef = scope.findFormFieldWithId(scope.allFormFields,\"attachRefValue\");\n    nodeRef.value = upload.sourceId.split(\";\")[0];\n    // nodeRef.type = \"readonly\";\n    // nodeRef.isVisible = false;\n\n} else {\n    alert(\"Please try selecting a pdf type attachment.\")\n    field.value = null;\n    scope.model.uploads[field.id].pop();\n}\n"}],"className":"AGS-ASSIGNEEE-FORM-1-GROUPS","style":"","customFieldTemplates":{},"metadata":{},"variables":[],"customFieldsValueInfo":{},"gridsterForm":false}}