{"referenceId":null,"name":"AGS-Start Form-Groups","description":null,"editorJson":{"tabs":[],"fields":[{"fieldType":"ContainerRepresentation","id":"1646398173437","name":"Label","type":"container","value":null,"required":false,"readOnly":false,"overrideId":false,"colspan":1,"placeholder":null,"minLength":0,"maxLength":0,"minValue":null,"maxValue":null,"regexPattern":null,"optionType":null,"hasEmptyValue":null,"options":null,"restUrl":null,"restResponsePath":null,"restIdProperty":null,"restLabelProperty":null,"tab":null,"className":null,"dateDisplayFormat":null,"layout":null,"sizeX":2,"sizeY":1,"row":-1,"col":-1,"visibilityCondition":null,"numberOfColumns":1,"fields":{"1":[{"fieldType":"FormFieldRepresentation","id":"subjectmatter","name":"Subject Matter","type":"text","value":null,"required":true,"readOnly":false,"overrideId":true,"colspan":1,"placeholder":null,"minLength":0,"maxLength":0,"minValue":null,"maxValue":null,"regexPattern":null,"optionType":null,"hasEmptyValue":null,"options":null,"restUrl":null,"restResponsePath":null,"restIdProperty":null,"restLabelProperty":null,"tab":null,"className":null,"params":{"existingColspan":1,"maxColspan":1},"dateDisplayFormat":null,"layout":{"row":-1,"column":-1,"colspan":1},"sizeX":1,"sizeY":1,"row":-1,"col":-1,"visibilityCondition":null}]}},{"fieldType":"ContainerRepresentation","id":"1646398202375","name":"Label","type":"container","value":null,"required":false,"readOnly":false,"overrideId":false,"colspan":1,"placeholder":null,"minLength":0,"maxLength":0,"minValue":null,"maxValue":null,"regexPattern":null,"optionType":null,"hasEmptyValue":null,"options":null,"restUrl":null,"restResponsePath":null,"restIdProperty":null,"restLabelProperty":null,"tab":null,"className":null,"dateDisplayFormat":null,"layout":null,"sizeX":2,"sizeY":1,"row":-1,"col":-1,"visibilityCondition":null,"numberOfColumns":2,"fields":{"1":[{"fieldType":"RestFieldRepresentation","id":"priority","name":"Priority","type":"dropdown","value":"Choose one...","required":true,"readOnly":false,"overrideId":false,"colspan":1,"placeholder":null,"minLength":0,"maxLength":0,"minValue":null,"maxValue":null,"regexPattern":null,"optionType":null,"hasEmptyValue":true,"options":[{"id":"empty","name":"Choose one..."},{"id":"high","name":"High"},{"id":"medium","name":"Medium"},{"id":"low","name":"Low"}],"restUrl":null,"restResponsePath":null,"restIdProperty":null,"restLabelProperty":null,"tab":null,"className":null,"params":{"existingColspan":1,"maxColspan":2},"dateDisplayFormat":null,"layout":{"row":-1,"column":-1,"colspan":1},"sizeX":1,"sizeY":1,"row":-1,"col":-1,"visibilityCondition":null,"endpoint":null,"requestHeaders":null}],"2":[{"fieldType":"FormFieldRepresentation","id":"due_date","name":"Due Date","type":"date","value":null,"required":false,"readOnly":false,"overrideId":true,"colspan":1,"placeholder":null,"minLength":0,"maxLength":0,"minValue":null,"maxValue":null,"regexPattern":null,"optionType":null,"hasEmptyValue":null,"options":null,"restUrl":null,"restResponsePath":null,"restIdProperty":null,"restLabelProperty":null,"tab":null,"className":null,"params":{"existingColspan":1,"maxColspan":1},"dateDisplayFormat":null,"layout":{"row":-1,"column":-1,"colspan":1},"sizeX":1,"sizeY":1,"row":-1,"col":-1,"visibilityCondition":null}]}},{"fieldType":"ContainerRepresentation","id":"1646713820884","name":"Label","type":"container","value":null,"required":false,"readOnly":false,"overrideId":false,"colspan":1,"placeholder":null,"minLength":0,"maxLength":0,"minValue":null,"maxValue":null,"regexPattern":null,"optionType":null,"hasEmptyValue":null,"options":null,"restUrl":null,"restResponsePath":null,"restIdProperty":null,"restLabelProperty":null,"tab":null,"className":null,"dateDisplayFormat":null,"layout":null,"sizeX":2,"sizeY":1,"row":-1,"col":-1,"visibilityCondition":null,"numberOfColumns":2,"fields":{"1":[{"fieldType":"AttachFileFieldRepresentation","id":"attachdocuments","name":"Attach Documents","type":"upload","value":null,"required":false,"readOnly":false,"overrideId":true,"colspan":1,"placeholder":null,"minLength":0,"maxLength":0,"minValue":null,"maxValue":null,"regexPattern":null,"optionType":null,"hasEmptyValue":null,"options":null,"restUrl":null,"restResponsePath":null,"restIdProperty":null,"restLabelProperty":null,"tab":null,"className":null,"params":{"existingColspan":1,"maxColspan":2,"fileSource":{"serviceId":"alfresco-1-AGC-ACS","name":"AGC-ACS","metaDataAllowed":true},"multiple":true,"link":true},"dateDisplayFormat":null,"layout":{"row":-1,"column":-1,"colspan":1},"sizeX":1,"sizeY":1,"row":-1,"col":-1,"visibilityCondition":null,"metaDataColumnDefinitions":null}],"2":[{"fieldType":"FormFieldRepresentation","id":"folderAttachments","name":"folderAttachments","type":"text","value":null,"required":false,"readOnly":false,"overrideId":true,"colspan":1,"placeholder":null,"minLength":0,"maxLength":0,"minValue":null,"maxValue":null,"regexPattern":null,"optionType":null,"hasEmptyValue":null,"options":null,"restUrl":null,"restResponsePath":null,"restIdProperty":null,"restLabelProperty":null,"tab":null,"className":null,"params":{"existingColspan":1,"maxColspan":1},"dateDisplayFormat":null,"layout":{"row":-1,"column":-1,"colspan":1},"sizeX":1,"sizeY":1,"row":-1,"col":-1,"visibilityCondition":{"leftFormFieldId":"priority","leftRestResponseId":null,"operator":"==","rightValue":"-1","rightType":null,"rightFormFieldId":"","rightRestResponseId":"","leftRestResponseType":null,"nextConditionOperator":"","nextCondition":null}}]}},{"fieldType":"DynamicTableRepresentation","id":"assignto_dynamic_table","name":"Assign to","type":"dynamic-table","value":null,"required":true,"readOnly":false,"overrideId":true,"colspan":1,"placeholder":null,"minLength":0,"maxLength":0,"minValue":null,"maxValue":null,"regexPattern":null,"optionType":null,"hasEmptyValue":null,"options":null,"restUrl":null,"restResponsePath":null,"restIdProperty":null,"restLabelProperty":null,"tab":null,"className":null,"params":{"existingColspan":1,"maxColspan":1},"dateDisplayFormat":null,"layout":{"row":-1,"column":-1,"colspan":2},"sizeX":2,"sizeY":2,"row":-1,"col":-1,"visibilityCondition":null,"columnDefinitions":[{"id":"taskStage","name":"Task Stage","type":"String","value":null,"optionType":null,"options":null,"restResponsePath":null,"restUrl":null,"restIdProperty":null,"restLabelProperty":null,"amountCurrency":null,"fractionLength":null,"enablePeriodSeparator":false,"amountEnableFractions":false,"required":true,"editable":true,"sortable":false,"visible":true,"endpoint":null,"requestHeaders":null},{"id":"assign_to","name":"Assign to","type":"Dropdown","value":null,"optionType":"rest","options":[{"id":null,"name":"Option 1"}],"restResponsePath":"data","restUrl":"api/enterprise/fetchUsersandGroups","restIdProperty":"id","restLabelProperty":"name","amountCurrency":null,"fractionLength":null,"enablePeriodSeparator":false,"amountEnableFractions":false,"required":true,"editable":true,"sortable":true,"visible":true,"endpoint":{"id":3,"tenantId":1,"name":"APS","protocol":"HTTP","host":"192.168.50.234","port":"9090","path":"/activiti-app","basicAuthId":2,"basicAuthName":"APS","requestHeaders":null},"requestHeaders":null},{"id":"email","name":"Email","type":"String","value":null,"optionType":null,"options":null,"restResponsePath":null,"restUrl":null,"restIdProperty":null,"restLabelProperty":null,"amountCurrency":null,"fractionLength":null,"enablePeriodSeparator":false,"amountEnableFractions":false,"required":false,"editable":true,"sortable":true,"visible":true,"endpoint":null,"requestHeaders":null},{"id":"purpose","name":"Purpose","type":"Dropdown","value":"For information","optionType":null,"options":[{"id":null,"name":"For information"},{"id":null,"name":"For Action"},{"id":null,"name":"For Signature"}],"restResponsePath":null,"restUrl":null,"restIdProperty":null,"restLabelProperty":null,"amountCurrency":null,"fractionLength":null,"enablePeriodSeparator":false,"amountEnableFractions":false,"required":true,"editable":true,"sortable":true,"visible":true,"endpoint":null,"requestHeaders":null},{"id":"remarks","name":"Remarks","type":"String","value":null,"optionType":null,"options":null,"restResponsePath":null,"restUrl":null,"restIdProperty":null,"restLabelProperty":null,"amountCurrency":null,"fractionLength":null,"enablePeriodSeparator":false,"amountEnableFractions":false,"required":true,"editable":true,"sortable":true,"visible":true,"endpoint":null,"requestHeaders":null},{"id":"action_date","name":"Date","type":"Date","value":null,"optionType":null,"options":null,"restResponsePath":null,"restUrl":null,"restIdProperty":null,"restLabelProperty":null,"amountCurrency":null,"fractionLength":null,"enablePeriodSeparator":false,"amountEnableFractions":false,"required":false,"editable":true,"sortable":true,"visible":true,"endpoint":null,"requestHeaders":null},{"id":"pageIndex","name":"Page Index","type":"Number","value":null,"optionType":null,"options":null,"restResponsePath":null,"restUrl":null,"restIdProperty":null,"restLabelProperty":null,"amountCurrency":null,"fractionLength":null,"enablePeriodSeparator":false,"amountEnableFractions":false,"required":false,"editable":true,"sortable":false,"visible":true,"endpoint":null,"requestHeaders":null},{"id":"top","name":"Top","type":"Number","value":null,"optionType":null,"options":null,"restResponsePath":null,"restUrl":null,"restIdProperty":null,"restLabelProperty":null,"amountCurrency":null,"fractionLength":null,"enablePeriodSeparator":false,"amountEnableFractions":false,"required":false,"editable":true,"sortable":true,"visible":true,"endpoint":null,"requestHeaders":null},{"id":"left","name":"Left","type":"Number","value":null,"optionType":null,"options":null,"restResponsePath":null,"restUrl":null,"restIdProperty":null,"restLabelProperty":null,"amountCurrency":null,"fractionLength":null,"enablePeriodSeparator":false,"amountEnableFractions":false,"required":false,"editable":true,"sortable":true,"visible":true,"endpoint":null,"requestHeaders":null},{"id":"sendforreview","name":"Send for review","type":"Boolean","value":null,"optionType":null,"options":null,"restResponsePath":null,"restUrl":null,"restIdProperty":null,"restLabelProperty":null,"amountCurrency":null,"fractionLength":null,"enablePeriodSeparator":false,"amountEnableFractions":false,"required":false,"editable":true,"sortable":false,"visible":true,"endpoint":null,"requestHeaders":null}]},{"fieldType":"ContainerRepresentation","id":"1654591814578","name":"Label","type":"container","value":null,"required":false,"readOnly":false,"overrideId":false,"colspan":1,"placeholder":null,"minLength":0,"maxLength":0,"minValue":null,"maxValue":null,"regexPattern":null,"optionType":null,"hasEmptyValue":null,"options":null,"restUrl":null,"restResponsePath":null,"restIdProperty":null,"restLabelProperty":null,"tab":null,"className":null,"dateDisplayFormat":null,"layout":null,"sizeX":2,"sizeY":1,"row":-1,"col":-1,"visibilityCondition":null,"numberOfColumns":2,"fields":{"1":[{"fieldType":"FormFieldRepresentation","id":"sendtoarchiveofficer","name":"Send to Archive Officer","type":"boolean","value":null,"required":false,"readOnly":false,"overrideId":false,"colspan":1,"placeholder":null,"minLength":0,"maxLength":0,"minValue":null,"maxValue":null,"regexPattern":null,"optionType":null,"hasEmptyValue":null,"options":null,"restUrl":null,"restResponsePath":null,"restIdProperty":null,"restLabelProperty":null,"tab":null,"className":null,"params":{"existingColspan":1,"maxColspan":2},"dateDisplayFormat":null,"layout":{"row":-1,"column":-1,"colspan":1},"sizeX":1,"sizeY":1,"row":-1,"col":-1,"visibilityCondition":null}],"2":[{"fieldType":"FormFieldRepresentation","id":"emailurlmap","name":"emailurlmap","type":"text","value":null,"required":false,"readOnly":false,"overrideId":false,"colspan":1,"placeholder":null,"minLength":0,"maxLength":0,"minValue":null,"maxValue":null,"regexPattern":null,"optionType":null,"hasEmptyValue":null,"options":null,"restUrl":null,"restResponsePath":null,"restIdProperty":null,"restLabelProperty":null,"tab":null,"className":null,"params":{"existingColspan":1,"maxColspan":1},"dateDisplayFormat":null,"layout":{"row":-1,"column":-1,"colspan":1},"sizeX":1,"sizeY":1,"row":-1,"col":-1,"visibilityCondition":null}]}},{"fieldType":"ContainerRepresentation","id":"1648639073565","name":"Label","type":"container","value":null,"required":false,"readOnly":false,"overrideId":false,"colspan":1,"placeholder":null,"minLength":0,"maxLength":0,"minValue":null,"maxValue":null,"regexPattern":null,"optionType":null,"hasEmptyValue":null,"options":null,"restUrl":null,"restResponsePath":null,"restIdProperty":null,"restLabelProperty":null,"tab":null,"className":null,"dateDisplayFormat":null,"layout":null,"sizeX":2,"sizeY":1,"row":-1,"col":-1,"visibilityCondition":null,"numberOfColumns":2,"fields":{"1":[{"fieldType":"FormFieldRepresentation","id":"attachRef","name":"attachRef","type":"text","value":null,"required":false,"readOnly":false,"overrideId":true,"colspan":1,"placeholder":null,"minLength":0,"maxLength":0,"minValue":null,"maxValue":null,"regexPattern":null,"optionType":null,"hasEmptyValue":null,"options":null,"restUrl":null,"restResponsePath":null,"restIdProperty":null,"restLabelProperty":null,"tab":null,"className":null,"params":{"existingColspan":1,"maxColspan":2},"dateDisplayFormat":null,"layout":{"row":-1,"column":-1,"colspan":1},"sizeX":1,"sizeY":1,"row":-1,"col":-1,"visibilityCondition":{"leftFormFieldId":"","leftRestResponseId":"signUrl","operator":"!empty","rightValue":null,"rightType":null,"rightFormFieldId":"","rightRestResponseId":"","leftRestResponseType":"string","nextConditionOperator":"","nextCondition":null}},{"fieldType":"FormFieldRepresentation","id":"isAgency","name":"isAgency","type":"boolean","value":null,"required":false,"readOnly":false,"overrideId":true,"colspan":1,"placeholder":null,"minLength":0,"maxLength":0,"minValue":null,"maxValue":null,"regexPattern":null,"optionType":null,"hasEmptyValue":null,"options":null,"restUrl":null,"restResponsePath":null,"restIdProperty":null,"restLabelProperty":null,"tab":null,"className":null,"params":{"existingColspan":1,"maxColspan":2},"dateDisplayFormat":null,"layout":{"row":-1,"column":-1,"colspan":1},"sizeX":1,"sizeY":1,"row":-1,"col":-1,"visibilityCondition":null}],"2":[{"fieldType":"FormFieldRepresentation","id":"isAGOfficer","name":"isAGOfficer","type":"boolean","value":null,"required":false,"readOnly":false,"overrideId":true,"colspan":1,"placeholder":null,"minLength":0,"maxLength":0,"minValue":null,"maxValue":null,"regexPattern":null,"optionType":null,"hasEmptyValue":null,"options":null,"restUrl":null,"restResponsePath":null,"restIdProperty":null,"restLabelProperty":null,"tab":null,"className":null,"params":{"existingColspan":1,"maxColspan":1},"dateDisplayFormat":null,"layout":{"row":-1,"column":-1,"colspan":1},"sizeX":1,"sizeY":1,"row":-1,"col":-1,"visibilityCondition":{"leftFormFieldId":"","leftRestResponseId":"signUrl","operator":"!empty","rightValue":null,"rightType":null,"rightFormFieldId":"","rightRestResponseId":"","leftRestResponseType":"string","nextConditionOperator":"","nextCondition":null}}]}}],"outcomes":[],"javascriptEvents":[{"event":"formFieldContentUploaded","javascriptLogic":"console.log(\"on upload...\");\n\nlet upload = scope.model.uploads[field.id][0];\n\n\n//if(upload && upload.simpleType === \"pdf\") {\nif(upload) {\n    let nodeRef = scope.findFormFieldWithId(scope.allFormFields,\"attachRef\");\n    nodeRef.value = upload.sourceId.split(\";\")[0];\n    // nodeRef.type = \"readonly\";\n    // nodeRef.isVisible = false;\n\n} else {\n    alert(\"Please try selecting a pdf type attachment.\")\n    field.value = null;\n    scope.model.uploads[field.id].pop();\n}\n"},{"event":"formRendered","javascriptLogic":"var currentUser = scope.$root.account;\n/*var externalID = currentUser.externalId;\nvar grouparr= [];\n\nvar groupMap = new Map(); \ncurrentUser.groups.forEach(function(group){\n    grouparr.push(group.name);\n    groupMap.set(group.name, group.id); \n});\n\nvar found = false;\n\nif(grouparr.includes(\"AG Office\"))\n    found = true;\n   else\n    found = false;\n    \nscope.findFormFieldWithId(scope.allFormFields,\"isAGOfficer\").value = found;\n\n\nvar groupNames = currentUser.groups;\nfor(var a=0; a<groupNames.length; a++){\n    if(groupNames[a].name.startsWith(\"[AGC]-\")){\n        scope.findFormFieldWithId(scope.allFormFields,\"divisionname\").value=groupNames[a].name;\n        scope.findFormFieldWithId(scope.allFormFields,\"divisionname\").type =\"readonly\";        \n    }\n}\n*/\nscope.findFormFieldWithId(scope.allFormFields,\"sendtoarchiveofficer\").value = true;\n\n"},{"event":"formBeforeComplete","javascriptLogic":"//scope.findFormFieldWithId(scope.allFormFields,\"divisionname\").type =\"text\";\nvar table = scope.findFormFieldWithId(scope.allFormFields,\"assignto_dynamic_table\");\nvar pageIndex = table.pageIndex;\nconsole.log(\"test...\");\n//var attachRef = scope.findFormFieldWithId(scope.allFormFields,\"attachRef\");\n//attachRef.isVisible = true;\nvar rowArray = table.value\nfor(var i=0; i<rowArray.length; i++){\n    var eachRow = rowArray[i];\n    var signSet = {};\n    signSet.pageIndex = eachRow.pageIndex;\n    signSet.top = eachRow.top;\n    signSet.left = eachRow.left;\n    var signSetJson = JSON.stringify(signSet);\n    eachRow.signsets = [signSet];\n}\n\nlet nodeRef = scope.findFormFieldWithId(scope.allFormFields,\"attachRef\");\nnodeRef.type = \"text\";\nnodeRef.isVisible = true;\n\n\nlet isAGofficervalue = scope.findFormFieldWithId(scope.allFormFields,\"isAGOfficer\");\nisAGofficervalue.type = \"checkbox\";\nisAGofficervalue.isVisible = true;"}],"className":"AGS-START-FORM-GROUPS","style":"","customFieldTemplates":{},"metadata":{},"variables":[],"customFieldsValueInfo":{},"gridsterForm":false}}