{"referenceId":null,"name":"Archive-Officer-AGC-Form","description":null,"editorJson":{"tabs":[],"fields":[{"fieldType":"ContainerRepresentation","id":"1649224416043","name":"Label","type":"container","value":null,"required":false,"readOnly":false,"overrideId":false,"colspan":1,"placeholder":null,"minLength":0,"maxLength":0,"minValue":null,"maxValue":null,"regexPattern":null,"optionType":null,"hasEmptyValue":null,"options":null,"restUrl":null,"restResponsePath":null,"restIdProperty":null,"restLabelProperty":null,"tab":null,"className":null,"dateDisplayFormat":null,"layout":null,"sizeX":2,"sizeY":1,"row":-1,"col":-1,"visibilityCondition":null,"numberOfColumns":2,"fields":{"1":[{"fieldType":"FormFieldRepresentation","id":"attachdocuments","name":"Attach Documents","type":"readonly","value":null,"required":false,"readOnly":false,"overrideId":false,"colspan":1,"placeholder":null,"minLength":0,"maxLength":0,"minValue":null,"maxValue":null,"regexPattern":null,"optionType":null,"hasEmptyValue":null,"options":null,"restUrl":null,"restResponsePath":null,"restIdProperty":null,"restLabelProperty":null,"tab":null,"className":null,"params":{"existingColspan":1,"maxColspan":2,"field":{"id":"attachdocuments","name":"Attach Documents","type":"upload"},"documentsEditable":true,"showDocumentContent":true},"dateDisplayFormat":null,"layout":{"row":-1,"column":-1,"colspan":1},"sizeX":1,"sizeY":1,"row":-1,"col":-1,"visibilityCondition":null}],"2":[]}},{"fieldType":"ContainerRepresentation","id":"1658453137456","name":"Label","type":"container","value":null,"required":false,"readOnly":false,"overrideId":false,"colspan":1,"placeholder":null,"minLength":0,"maxLength":0,"minValue":null,"maxValue":null,"regexPattern":null,"optionType":null,"hasEmptyValue":null,"options":null,"restUrl":null,"restResponsePath":null,"restIdProperty":null,"restLabelProperty":null,"tab":null,"className":null,"dateDisplayFormat":null,"layout":null,"sizeX":2,"sizeY":1,"row":-1,"col":-1,"visibilityCondition":null,"numberOfColumns":2,"fields":{"1":[{"fieldType":"AttachFileFieldRepresentation","id":"attachmoredocuments","name":"Attach More Documents","type":"upload","value":null,"required":false,"readOnly":false,"overrideId":true,"colspan":1,"placeholder":null,"minLength":0,"maxLength":0,"minValue":null,"maxValue":null,"regexPattern":null,"optionType":null,"hasEmptyValue":null,"options":null,"restUrl":null,"restResponsePath":null,"restIdProperty":null,"restLabelProperty":null,"tab":null,"className":null,"params":{"existingColspan":1,"maxColspan":2,"fileSource":{"serviceId":"alfresco-1-AGC-ACS","name":"AGC-ACS","metaDataAllowed":true}},"dateDisplayFormat":null,"layout":{"row":-1,"column":-1,"colspan":1},"sizeX":1,"sizeY":1,"row":-1,"col":-1,"visibilityCondition":null,"metaDataColumnDefinitions":[]}],"2":[]}},{"fieldType":"ContainerRepresentation","id":"1652971549110","name":"Label","type":"container","value":null,"required":false,"readOnly":false,"overrideId":false,"colspan":1,"placeholder":null,"minLength":0,"maxLength":0,"minValue":null,"maxValue":null,"regexPattern":null,"optionType":null,"hasEmptyValue":null,"options":null,"restUrl":null,"restResponsePath":null,"restIdProperty":null,"restLabelProperty":null,"tab":null,"className":null,"dateDisplayFormat":null,"layout":null,"sizeX":2,"sizeY":1,"row":-1,"col":-1,"visibilityCondition":null,"numberOfColumns":2,"fields":{"1":[{"fieldType":"RestFieldRepresentation","id":"archive_taskstatus","name":"Task Status","type":"dropdown","value":"Choose one...","required":true,"readOnly":false,"overrideId":true,"colspan":1,"placeholder":null,"minLength":0,"maxLength":0,"minValue":null,"maxValue":null,"regexPattern":null,"optionType":null,"hasEmptyValue":true,"options":[{"id":"empty","name":"Choose one..."},{"id":"inProgress","name":"In Progress"},{"id":"onHold","name":"On Hold"},{"id":"acknowledge","name":"Acknowledge"},{"id":"notyetstarted","name":"Not Yet Started"}],"restUrl":null,"restResponsePath":null,"restIdProperty":null,"restLabelProperty":null,"tab":null,"className":null,"params":{"existingColspan":1,"maxColspan":2},"dateDisplayFormat":null,"layout":{"row":-1,"column":-1,"colspan":1},"sizeX":1,"sizeY":1,"row":-1,"col":-1,"visibilityCondition":null,"endpoint":null,"requestHeaders":null}],"2":[]}},{"fieldType":"ContainerRepresentation","id":"1653666006609","name":"Label","type":"container","value":null,"required":false,"readOnly":false,"overrideId":false,"colspan":1,"placeholder":null,"minLength":0,"maxLength":0,"minValue":null,"maxValue":null,"regexPattern":null,"optionType":null,"hasEmptyValue":null,"options":null,"restUrl":null,"restResponsePath":null,"restIdProperty":null,"restLabelProperty":null,"tab":null,"className":null,"dateDisplayFormat":null,"layout":null,"sizeX":2,"sizeY":1,"row":-1,"col":-1,"visibilityCondition":null,"numberOfColumns":2,"fields":{"1":[{"fieldType":"FormFieldRepresentation","id":"movedthefiles","name":"File Location(s) have been updated.","type":"boolean","value":null,"required":true,"readOnly":false,"overrideId":true,"colspan":1,"placeholder":null,"minLength":0,"maxLength":0,"minValue":null,"maxValue":null,"regexPattern":null,"optionType":null,"hasEmptyValue":null,"options":null,"restUrl":null,"restResponsePath":null,"restIdProperty":null,"restLabelProperty":null,"tab":null,"className":null,"params":{"existingColspan":1,"maxColspan":2},"dateDisplayFormat":null,"layout":{"row":-1,"column":-1,"colspan":1},"sizeX":1,"sizeY":1,"row":-1,"col":-1,"visibilityCondition":null},{"fieldType":"FormFieldRepresentation","id":"updatedproperties","name":"File(s) Metadata /Properties are up to date.","type":"boolean","value":null,"required":true,"readOnly":false,"overrideId":true,"colspan":1,"placeholder":null,"minLength":0,"maxLength":0,"minValue":null,"maxValue":null,"regexPattern":null,"optionType":null,"hasEmptyValue":null,"options":null,"restUrl":null,"restResponsePath":null,"restIdProperty":null,"restLabelProperty":null,"tab":null,"className":null,"params":{"existingColspan":1,"maxColspan":2},"dateDisplayFormat":null,"layout":{"row":-1,"column":-1,"colspan":1},"sizeX":1,"sizeY":1,"row":-1,"col":-1,"visibilityCondition":null}],"2":[]}}],"outcomes":[],"javascriptEvents":[{"event":"formRendered","javascriptLogic":"console.log(\"on render...\");\n\n\n\nvar statusValue = scope.findFormFieldWithId(scope.allFormFields,\"taskstatus\").value;\n    if(statusValue.id === \"inProgress\" \n    || statusValue.id === \"onHold\"){\n        scope.model.completeButtonDisabled = true;\n    }\n    else{\n        scope.model.completeButtonDisabled = false;\n    }\nvar movedFiles = scope.findFormFieldWithId(scope.allFormFields,\"movedthefiles\");\nvar updateProperties = scope.findFormFieldWithId(scope.allFormFields,\"updatedproperties\");\nvar movedFiles = scope.findFormFieldWithId(scope.allFormFields,\"movedthefiles\");\nvar updateProperties = scope.findFormFieldWithId(scope.allFormFields,\"updatedproperties\");\nif(movedFiles.value!==true && updateProperties!==true){\n        scope.model.completeButtonDisabled = true;\n}else{\n        scope.model.completeButtonDisabled = false;\n}   "},{"event":"formFieldValueChanged","javascriptLogic":"console.log(\"value changed...\");\nvar movedFiles = scope.findFormFieldWithId(scope.allFormFields,\"movedthefiles\").value;\nvar updateProperties = scope.findFormFieldWithId(scope.allFormFields,\"updatedproperties\").value;\n\n\nif(field.id === \"taskstatus\") {\n    if(field.value.id === \"inProgress\" \n    || field.value.id === \"onHold\"){\n        scope.model.completeButtonDisabled = true;\n    }\n    else{\n        scope.model.completeButtonDisabled = false;\n    }\n}\n\nvar movedFiles = scope.findFormFieldWithId(scope.allFormFields,\"movedthefiles\");\nvar updateProperties = scope.findFormFieldWithId(scope.allFormFields,\"updatedproperties\");\nif(movedFiles.value!==true && updateProperties!==true){\n        scope.model.completeButtonDisabled = true;\n}else{\n        scope.model.completeButtonDisabled = false;\n}"}],"className":"AGC-ARCHIVE-FORM","style":"","customFieldTemplates":{},"metadata":{},"variables":[],"customFieldsValueInfo":{},"gridsterForm":false}}